A,B,C,D,E,Y
0.9205737177,0.32686065,0.5278066874,0.2031126725,0.9944255829,2.0455819577
0.4845934778,0.1082763742,0.388172236,0.4656887478,0.1732843313,1.4516521596
0.8277893148,0.8659667156,0.9300561445,0.5582153758,0.1521185066,4.3845057079
0.2058889254,0.2163472972,0.8789019601,0.3298625287,0.2445870205,1.8956539844
0.0668393697,0.4292251684,0.4977786751,0.0097100858,0.2715635924,2.1124569984
0.9878075619,0.2853535293,0.0624168408,0.1593103793,0.7775099869,1.7367167025
0.2856028699,0.5668045525,0.9360431011,0.6874473519,0.9267388899,3.1388296618
0.7442107121,0.833316284,0.7527972963,0.8927774003,0.2171839501,4.4035124961
0.8193608508,0.7158425602,0.3584353831,0.9101523296,0.0074324782,3.4979537336
0.3374714477,0.7648967595,0.7502678724,0.7882895153,0.3938157302,3.6808811683
0.7086153449,0.1913472395,0.0349994455,0.1571012919,0.2660620697,1.4681799828
0.7320729101,0.1686874893,0.2438603824,0.5851006107,0.2110572902,1.7013686157
0.1596645974,0.3480695584,0.3950943726,0.9999548229,0.2390321163,2.881227092
0.1811204932,0.0395085174,0.6785476236,0.126530098,0.4266625349,0.8527527698
0.1720777617,0.421443905,0.5692970816,0.7657638576,0.0816187144,2.6681645433
0.7099420689,0.3176730897,0.3704144072,0.4124956927,0.9848601557,1.9579807271
0.5206868257,0.3737531034,0.4558303976,0.9726400394,0.6316146909,2.8009769549
0.3202976747,0.6381369969,0.5826566087,0.8273424446,0.0078322492,3.249522843
0.217278582,0.4678296517,0.6568008678,0.0815564457,0.3039641809,2.2961407007
0.7086329984,0.6488331293,0.7712936706,0.0909176867,0.0769657306,2.9699991343
0.2161471441,0.1823396157,0.5969259562,0.6155905402,0.7915862873,1.8100400599
0.1305965849,0.3304695294,0.763624073,0.6280692429,0.5724240923,2.3725249057
0.7721773658,0.7547733972,0.4050489443,0.748294906,0.3050538988,3.3001008506
0.5005664434,0.9671825098,0.9782413077,0.1298518861,0.9071044328,4.2473711074
0.0694358184,0.6199807273,0.274092644,0.7474884053,0.1869665184,2.592062429
0.5617049041,0.9823707459,0.7939565999,0.1683369542,0.5331995618,3.9521918544
0.5308683547,0.5364578676,0.8507975258,0.4351262534,0.012880523,2.8882349515
0.5342037959,0.8038395364,0.1440584389,0.9297242151,0.1699971056,3.2012990043
0.9536733311,0.7155944367,0.031788073,0.3778408112,0.6502463878,2.5129318778
0.2946895736,0.7788617013,0.258714614,0.0383916041,0.612220698,2.5474861583
0.7227676534,0.4995348244,0.2178009257,0.6067372665,0.2631720551,2.4076693019
0.9141900875,0.5202972814,0.5410736096,0.8525069372,0.0794510734,3.1819229973
0.9076807727,0.3600282613,0.8409798685,0.1359368302,0.8469527934,2.2460360085
0.0339048272,0.0237581569,0.4518762208,0.6428967428,0.501052076,0.8676396307
0.1736390993,0.4300367495,0.9011996349,0.5197716914,0.5578910441,2.6300096161
0.3196753883,0.4230974838,0.1866940751,0.6336214503,0.9014713115,2.0425127852
0.9853268969,0.9845944762,0.9062245046,0.1150699158,0.3047960335,4.6032463389
0.4684068586,0.036133033,0.7441552202,0.642163005,0.4181806871,1.1774520735
0.9748670456,0.6599968495,0.6723908011,0.680904919,0.0425656978,3.4560646347
0.4481378281,0.484784307,0.6399905183,0.1197795763,0.9105883646,2.3802968635
0.0311453154,0.7585545501,0.1165324603,0.6662530138,0.1501876656,2.4076116919
0.522583826,0.6183788043,0.9525181076,0.1050014608,0.2275562955,3.0032364063
0.2298670632,0.1998085654,0.4035900466,0.3417430967,0.1102883474,1.7058324115
0.1098691174,0.3975071895,0.7099026598,0.6115548466,0.145587937,2.5134943156
0.7959752425,0.9266188005,0.6095100008,0.3137714139,0.9779610708,3.6703148385
0.7783709036,0.6881331168,0.3281285954,0.7735963571,0.6258579411,3.0021452538
0.953147104,0.2023457384,0.1408576048,0.136299269,0.536789624,1.6101937328
0.6552565454,0.4755830767,0.6549888479,0.8568494606,0.5135154205,3.0608880483
0.0976728287,0.6492969359,0.033490051,0.6226666337,0.3497539223,2.1428526769
0.5889876494,0.2338827879,0.3109331452,0.0788120714,0.6451880129,1.731992185
0.9213483571,0.1567461821,0.9743606427,0.5794276912,0.5336312663,1.9770107524
0.335044696,0.157156432,0.9849552885,0.1725153141,0.7496604815,1.6145775444
0.8758863132,0.2308994283,0.1700525605,0.7322910002,0.9920588869,1.7243309761
0.7805878702,0.1228051528,0.4192275805,0.1960425207,0.0430273956,1.4226767205
0.7542066232,0.0167452514,0.0909009364,0.8260726586,0.2407063616,0.79850285
0.18933259,0.4863781906,0.3585363948,0.7629094892,0.0574519741,2.575370153
0.4475085232,0.197007396,0.4661149248,0.5095919848,0.1199717957,1.8196101722
0.8430943326,0.6808402631,0.6437157243,0.9158520279,0.0730038343,3.8760464181
0.7199875449,0.1066090818,0.6428481822,0.9956950713,0.8866071904,2.0887429745
0.7390388839,0.301371577,0.8494642209,0.6746248759,0.5148535266,2.5008317117
0.6020346414,0.8888126991,0.1730611487,0.6606448002,0.175284564,3.0367101372
0.0047149658,0.7453848042,0.685793329,0.3010424329,0.4826249203,2.8360409022
0.2224482035,0.0988393242,0.9442415275,0.8333742439,0.8389737278,1.9541964372
0.4152935557,0.1142037488,0.8619172962,0.3595812852,0.4902892713,1.5157447908
0.0437048126,0.3158616542,0.6896692151,0.7352429878,0.5112352606,2.4229192011
0.3593322008,0.7199486641,0.0456964185,0.1794453645,0.8076845657,2.2384334972
0.0530945382,0.0009653044,0.6950540384,0.273772757,0.706960961,-0.7430350313
0.1847311005,0.7856073622,0.4266611396,0.9981908819,0.4447379035,3.5255423833
0.9576052534,0.9709076411,0.0179486757,0.9561123555,0.9026958833,3.2809576463
0.733949862,0.1064186965,0.0012635929,0.6856661714,0.4628141592,1.2049912573
0.3256915754,0.5767495895,0.3644703289,0.445395669,0.0272091911,2.4600946861
0.775623,0.0434942651,0.8820024927,0.6264158352,0.7099553791,1.2464689094
0.6296062742,0.9676956187,0.4251414831,0.6943670823,0.7745664031,3.5279318755
0.5622913484,0.1370131546,0.5158923476,0.456849521,0.4294954003,1.5847264934
0.1707600309,0.3480433251,0.1823041399,0.1563787414,0.8345546825,1.8717120567
0.436756101,0.2540069111,0.6304033822,0.777986051,0.927807925,2.1497109306
0.1884869167,0.8523257303,0.8517348093,0.6015463127,0.6761879558,3.6688477052
0.7186725275,0.9651416033,0.9381269254,0.7236458985,0.197282576,4.9730876573
0.9787783076,0.1773159739,0.9118156151,0.7465276697,0.8174859311,2.1583465797
0.5914677919,0.5309704829,0.7395363704,0.5661054237,0.0420881647,2.9028699634
0.7392836437,0.8193510957,0.7502710423,0.8058357562,0.703848877,4.0103847198
0.6768862833,0.1238243659,0.3621471839,0.0208774847,0.4025574382,1.3979519198
0.3550638589,0.8538829025,0.6719140285,0.1623132399,0.1418894576,3.207581156
0.8396737701,0.5673472537,0.1189100847,0.3037572927,0.3119046141,2.3375285552
0.9505209513,0.4530346356,0.0035645703,0.8733201337,0.4363768052,2.2653853124
0.1626475956,0.7081041138,0.8400650173,0.9176838638,0.5023929917,3.8809545848
0.5966613074,0.1684204377,0.6773432679,0.2941348262,0.6393022535,1.646741419
0.3741025433,0.9914637087,0.60348159,0.940844422,0.0472805621,4.3309650015
0.6220640207,0.8945146012,0.5744824535,0.7694397783,0.1112075215,3.8696011336
0.3513580728,0.9928118952,0.7835606216,0.9617878506,0.2792368811,4.8184938565
0.2129718121,0.6164856404,0.6705354941,0.5326816549,0.7987341299,2.7688081907
0.2601411173,0.5365524699,0.5501997164,0.8941639466,0.2495342335,3.118025554
0.8962451478,0.2014129856,0.0257013654,0.8798406438,0.0121015755,1.9284072219
0.2559361134,0.5948019607,0.9387586566,0.8886978761,0.3001315973,3.8103598856
0.6025898957,0.0716007354,0.4333940714,0.8055362671,0.0798103805,1.641459004
0.5676684894,0.2558706934,0.6027262858,0.880883707,0.9307589477,2.2862306535
0.5743193652,0.5871513654,0.7229914318,0.5080828839,0.6831581811,2.9002278637
0.0448063221,0.477103313,0.1612333898,0.8273073433,0.7869968584,2.2180500077
0.8077206686,0.8836986348,0.4114694372,0.2286749466,0.0116776649,3.2924824269
0.3993587419,0.6276183929,0.1341389674,0.3186471702,0.8981386134,2.260831009
0.2025864171,0.3873087848,0.7463836588,0.0863286925,0.0547268358,2.1643552188
0.6659701855,0.3167378386,0.4533493181,0.4900257033,0.3676551513,2.1029302814
0.9391159902,0.6565695717,0.6747598913,0.6875209725,0.195912665,3.4347501193
0.8804997378,0.3241766153,0.8028914824,0.2589688685,0.0856665848,2.1880556802
0.3827288295,0.8167384069,0.336276999,0.1656108696,0.3385503849,2.7478399793
0.1235213447,0.5934141178,0.7238326317,0.816789893,0.7300913448,3.0968742856
0.756411257,0.0414130732,0.5558207375,0.9951068114,0.2503188171,1.8973600199
0.3039153789,0.2756207632,0.510361718,0.7382490891,0.1003052143,2.2874337549
0.1354185895,0.936341638,0.1783544954,0.7278692429,0.8881585577,2.5963624768
0.1650019037,0.2524755262,0.3975281983,0.5295721206,0.4348461356,1.907872482
0.8439318165,0.9519871522,0.362830508,0.9276206798,0.2276337503,4.1094589877
0.4979199455,0.8642019716,0.0029886393,0.8247191817,0.2028616942,2.6972985218
0.6472924438,0.8653756953,0.0787594072,0.5054669573,0.3412213274,2.7601507376
0.711485266,0.9692778997,0.8233370879,0.6622686831,0.5507982974,4.5010328561
0.8548165935,0.193480439,0.5461649378,0.4537054694,0.0992259681,1.8143433282
0.651507189,0.8503437052,0.1150136786,0.3314746358,0.267268474,2.7510201604
0.5845887277,0.6002875352,0.1935901002,0.9806487951,0.7218548651,2.8826264761
0.2524308204,0.0092718878,0.9467002917,0.3630005771,0.5530478784,0.3426320717
0.4125414812,0.9450369359,0.2188098088,0.0899768511,0.5253423431,2.8265752626
0.2672787947,0.7584759069,0.4587179802,0.3287905378,0.351028533,2.7530426013
0.7453113217,0.9011876008,0.1022082283,0.8807642269,0.8784478989,3.0710211626
0.6287433035,0.1915063334,0.0343401469,0.3229504903,0.4501852624,1.4715307756
0.5849812538,0.1210779862,0.4275120373,0.0824494986,0.8680144888,1.3905436798
0.1505613963,0.6123059399,0.3573721449,0.4942945722,0.8246442992,2.3904373194
0.5503013348,0.3216109695,0.3796582159,0.7352786686,0.0508932977,2.3161701408
0.959468798,0.4363257985,0.4909392572,0.1535564405,0.1774608027,2.3156356877
0.4861221793,0.9680232084,0.5291500848,0.9904577858,0.8668227913,4.0178938299
0.2780648437,0.5939979798,0.9730584526,0.2130212185,0.9624478568,2.9092481108
0.2127134281,0.444356147,0.2376543542,0.1515535766,0.2858406233,2.0609415649
0.8871309592,0.9584281056,0.4286866407,0.2000482078,0.7017114193,3.5641297839
0.9710244332,0.6593015059,0.6385258271,0.5458280409,0.6712549124,3.1784516739
0.8959184382,0.4956199965,0.5303693591,0.5020091725,0.9184359331,2.5301059325
0.0924053958,0.1665477608,0.801352279,0.5644182279,0.0660904832,1.915434405
0.9212082934,0.209601037,0.2139184903,0.9817652423,0.3441543626,2.3798918118
0.5735917953,0.4122446666,0.2898167539,0.9642652394,0.6972992667,2.6513673386
0.8071253079,0.732999613,0.5335852338,0.5354420829,0.6664382522,3.1613880533
0.907280196,0.8043778467,0.5182707489,0.009823418,0.6635352995,3.2355453723
0.6237222175,0.3261646773,0.3507014769,0.281193949,0.5175910995,1.9807758768
0.4514587363,0.728274639,0.1360322372,0.3993727975,0.0847325013,2.4860015787
0.2857230317,0.2120697764,0.9185080319,0.1151604555,0.3732658185,1.7683368306
0.6764431889,0.7121514371,0.9388798533,0.2777901168,0.8098148187,3.4381633496
0.6651874464,0.0606690738,0.264287072,0.3102614165,0.2026615373,1.0908513813
0.5866717175,0.1954526312,0.0792957931,0.6025650499,0.5917716066,1.6054337619
0.4117519325,0.037495072,0.8216399746,0.8582953315,0.843463362,1.4249939351
0.2152972354,0.5131992635,0.3514903884,0.8787830214,0.9456361169,2.4957552456
0.533023559,0.9756253182,0.0166640859,0.5374858766,0.9222174941,2.5915616032
0.6500916102,0.1365021188,0.2910403768,0.5054198592,0.9508066289,1.4524745559
0.9393827997,0.6688868213,0.3640258831,0.0797913801,0.5398333115,2.7743269136
0.9308809785,0.2869225498,0.5872754876,0.2286182707,0.9348103846,1.9658671757
0.2226236509,0.143822877,0.6208250064,0.5505847943,0.1432413012,1.7332559163
0.5267261048,0.9201402161,0.1181490689,0.2761763167,0.6928413389,2.7493648538
0.6326856916,0.9772248054,0.6260428366,0.0740502316,0.5405199013,3.6582328013
0.3256230343,0.5915407268,0.6634937478,0.9272571146,0.0733970727,3.5122431343
0.4701009034,0.774186132,0.4211723045,0.7978462107,0.0910294219,3.2889047792
0.266503454,0.6848435826,0.8988843993,0.2379379899,0.7590881719,3.0784009658
0.0849651308,0.4763196791,0.6005543789,0.4441559948,0.2097525641,2.4100486681
0.0538238259,0.762950538,0.4701201669,0.6196405287,0.7904963847,2.7401825201
0.2361662704,0.1476792817,0.4430850237,0.6366496331,0.8856130771,1.6104726874
0.0119952355,0.0497360907,0.3614970406,0.5035808519,0.1129814053,1.1042868938
0.2513857961,0.257893634,0.81950878,0.8780585742,0.408003985,2.7181962446
0.3149693927,0.6067473674,0.5368207467,0.0889849076,0.0856445811,2.5201030381
0.3572479265,0.3461301993,0.5789268129,0.2733174684,0.0292625672,2.0923256308
0.0873859613,0.3932351,0.724517721,0.009675507,0.9545181422,2.1286326518
0.5295706254,0.0307686203,0.7876473195,0.2342219274,0.5106341129,0.7790077984
0.0822468603,0.0097826172,0.425917218,0.9916182132,0.6348587389,0.9963480063
0.767439865,0.4280465196,0.008331453,0.2370760415,0.1266429562,1.8651711748
0.7059545794,0.6617294771,0.7510588933,0.7430205829,0.2487277084,3.5447798183
0.4192137714,0.0698080165,0.3086121699,0.8975033385,0.1233930462,1.7366076966
0.1581533237,0.9367084017,0.5897523793,0.1761099536,0.9330457118,3.0871128241
0.8674394891,0.8349647161,0.1861248657,0.2619589909,0.6731816509,2.9453457387
0.6744610602,0.0621719731,0.0226332312,0.2196928114,0.662122194,0.9208276412
0.8119587381,0.4151969776,0.0573690068,0.4052990591,0.0654551298,2.0042146934
0.1443793413,0.8620587555,0.7818939574,0.1268935411,0.5277729288,3.2258032284
0.305667728,0.8711957277,0.3184264849,0.1846848466,0.3466765373,2.7587257006
0.513479464,0.4846473387,0.8376357039,0.8997862437,0.9685552446,3.1391372962
0.1435357193,0.1896572744,0.9779722821,0.6553365602,0.9610620013,2.0545996282
0.3340750562,0.572718018,0.9614897876,0.6233020246,0.5249812482,3.2484196415
0.1445337397,0.8982270628,0.8778444768,0.0891620056,0.138687995,3.4731658897
0.011173191,0.7298436074,0.2464330748,0.8154715188,0.4646136388,2.6804742787
0.7611131512,0.3628104848,0.184998859,0.8807437685,0.2235115403,2.4764401521
0.7363805412,0.7624593643,0.4923543904,0.1490207955,0.0977567348,3.0192906324
0.7326658925,0.409923271,0.0036645469,0.3308422386,0.9730045656,1.7616518344
0.9251943161,0.3210861268,0.9455996153,0.4020301201,0.4456302742,2.3631588822
0.8298638389,0.8258241876,0.0118145058,0.7066953338,0.9681765235,2.5717982103
0.703978413,0.0789400935,0.0396012182,0.0329333241,0.761619318,1.0639757959
0.3980029346,0.4859705847,0.0842634549,0.8806701368,0.5245070274,2.3971911443
0.4996722545,0.2940347823,0.6565949605,0.5630281777,0.3270705414,2.2101602736
0.8826181656,0.8724565632,0.481319421,0.9398566536,0.3900509235,4.1417518943
0.2585752869,0.5538560362,0.2409754002,0.8792398872,0.0994770213,2.7601677376
0.6908293506,0.5730062879,0.4286463978,0.8009650041,0.2053734506,2.9938751604
0.094802608,0.0130816591,0.6146393234,0.2265616972,0.2307836325,0.3924499342
0.205060502,0.0471434998,0.5439150024,0.9376887891,0.0296171533,1.8035577087
0.1025543227,0.9182939886,0.1383574714,0.4930810018,0.2433572547,2.4967584533
0.5665668426,0.5021473162,0.3081134108,0.7486987901,0.4288157378,2.5733804896
0.542183823,0.2108675709,0.0055662594,0.7192557713,0.2555303578,1.6198074811
0.5000062918,0.1694790123,0.531716462,0.0922776021,0.6422304034,1.5734701111
0.1835304955,0.4560424034,0.845258526,0.5202369986,0.8641731991,2.5813738279
0.3369690699,0.4055524389,0.2440477565,0.1157685095,0.4473659063,2.0243642985
0.0165535316,0.3390295606,0.3068595014,0.8079710386,0.473467859,2.2718045231
0.596542926,0.7088148778,0.2660806659,0.0338604688,0.8781289624,2.6116047157
0.3261391865,0.8033732274,0.7714449046,0.2650093362,0.8331786352,3.238719542
0.229142434,0.2898970018,0.1665053584,0.1547324404,0.8482352595,1.7706420572
0.6560199328,0.0796759452,0.8598650333,0.1012029315,0.0141451533,1.1854380535
0.1802610678,0.7277875945,0.8533181224,0.6108596318,0.0435577377,3.4476119931
0.4860774858,0.1575055423,0.906550064,0.1856789088,0.3604385653,1.6129157044
0.3782222923,0.7058836468,0.5942531317,0.0083940043,0.4034857319,2.7707925049
0.6338451453,0.3975733558,0.7906048459,0.6678326076,0.2291955808,2.74144446
0.7573749039,0.6121656473,0.9323398168,0.9792857943,0.1848440026,4.335700132
0.1557321714,0.0616752913,0.9583456418,0.783808056,0.5477698338,1.7512514715
0.8137575102,0.1007610718,0.3325023782,0.8722094435,0.1113166024,1.8744624902
0.9853569658,0.4203729266,0.7226797217,0.5574531241,0.1072067053,2.6664254857
0.9055779867,0.2521098999,0.9928138291,0.5970548377,0.0627315931,2.4192591045
0.5833905675,0.7847858435,0.2000732159,0.078818433,0.2767996434,2.6748168463
0.0692821573,0.9107102526,0.7270155146,0.2483236194,0.1705994161,3.2331226629
0.7963930778,0.8689511192,0.0528691814,0.4699223563,0.9113601735,2.7355316995
0.2297500081,0.6730090433,0.1191048471,0.5823886986,0.7722374969,2.2744464444
0.7068163189,0.8115054248,0.2859524982,0.7207514236,0.6867385171,3.0839976303
0.0036741483,0.8169311921,0.1821403066,0.9408634368,0.5387867193,2.8464090895
0.673993611,0.9707001583,0.2483612152,0.7649323102,0.8688477841,3.2916106052
0.5032484406,0.8587639525,0.1054720676,0.86963292,0.8449100661,2.8232483455
0.228885588,0.4328749038,0.8676796313,0.4155132065,0.1250798877,2.5475293143
0.6615564213,0.9556011858,0.2757656495,0.3064454764,0.6969702097,3.1548506175
0.4436729399,0.0238405028,0.325125935,0.4306928467,0.9816792649,0.6410648659
0.9062838252,0.2003608753,0.9725904965,0.9469837619,0.1673425518,2.9767314474
0.8119431685,0.6704422226,0.0351228821,0.0148086136,0.7067942347,2.3674064161
0.1843395182,0.31937941,0.8080729656,0.712810735,0.0632657947,2.5811402014
0.9352512299,0.1527958591,0.50132378,0.2159446827,0.2680438075,1.5539608618
0.9948241443,0.8983740245,0.1700347613,0.3409966296,0.7272525246,3.1689368397
0.1572542994,0.4493342638,0.6932600944,0.7740157123,0.1654216617,2.8570791276
0.8154551706,0.9021338006,0.6132152567,0.3876881732,0.5334547616,3.6859045077
0.6659225204,0.445725275,0.5085286433,0.5530758188,0.6546310685,2.4282625499
0.3323564562,0.9466740561,0.3197670311,0.0595716781,0.576432189,2.8818103754
0.607262823,0.1814999557,0.1533107935,0.8935166309,0.039492012,2.0756992132
0.4613048979,0.7758025732,0.1694492793,0.603288413,0.6867731218,2.6257967216
0.8219199406,0.0085492134,0.77077455,0.9911405037,0.8938563219,0.994778366
0.6083628279,0.7170424904,0.0231979778,0.1348093639,0.69427966,2.311320935
0.5837005982,0.855978586,0.1560077129,0.5547025376,0.9853776565,2.7195072971
0.8085629786,0.3264511067,0.9988196434,0.7551820779,0.6321657286,2.8311537397
0.8540266394,0.8310493429,0.8586685811,0.2644641297,0.0781398872,3.8465495283
0.6130726687,0.0241589751,0.5033950312,0.184031806,0.3149233351,0.6550838706
0.4290558691,0.1513026834,0.833078237,0.6431747975,0.2138171548,1.9812503618
0.5550058542,0.8798638221,0.9587942951,0.9152222632,0.6431787347,4.8556372281
0.6501411011,0.2435861537,0.4502895516,0.7749881903,0.3636985295,2.2112231609
0.831468822,0.2836348251,0.9271734771,0.3517108492,0.0183117036,2.1926000205
0.7038578782,0.5974742675,0.2067596503,0.0089694341,0.8969787632,2.4086531666
0.1245176934,0.1881018139,0.2555223771,0.3793298681,0.3938298922,1.6279681286
0.9377024013,0.9132854189,0.8360955284,0.5312134093,0.1139033982,4.4094426258
0.4840951834,0.9522527026,0.6532627556,0.9522216788,0.4223092035,4.414550991
0.1670917799,0.0251674757,0.9147476901,0.6699645927,0.6685808043,1.0742997484
0.4189147125,0.9623472502,0.8159512077,0.4427382695,0.3407638313,3.9785838578
0.0405606187,0.1970123702,0.6496343566,0.9037378866,0.2082555504,2.4909743859
0.2001187021,0.0905931627,0.1149944428,0.2650954542,0.0151590819,1.2087913036
0.6963241305,0.9952154413,0.6490278041,0.4211954998,0.5866548589,3.9412889209
0.0334933496,0.2372243204,0.0551451778,0.7677432497,0.1250757568,1.8526208062
0.6130706631,0.7242923931,0.5181272132,0.0057867609,0.7166329408,2.8622387552
0.1991027314,0.3593226627,0.4802707026,0.3047333483,0.237396735,2.0676510603
0.673000586,0.0660573207,0.1397112187,0.2948444118,0.5191210296,1.0769070233
0.8930974051,0.4513943421,0.2978537679,0.7723426041,0.9974098145,2.3407991834
0.6672158714,0.571463448,0.5147263813,0.5123969328,0.5612417525,2.6999362285
0.7564238186,0.6158679081,0.6007190691,0.4482463258,0.7156678739,2.8621075695
0.5594615187,0.3708587608,0.5007825685,0.5292754574,0.4651148794,2.2553664906
0.9535960844,0.6643157033,0.212022665,0.0482407131,0.9290690697,2.6448611312
0.9988994652,0.010221666,0.655987914,0.4854919249,0.0580718198,0.4442481613
0.0787598966,0.8742842278,0.4567018496,0.4161734795,0.2383930541,2.8393068074
0.3570766428,0.4766778096,0.1902276189,0.7565564462,0.8774025508,2.2104587611
0.5619503737,0.9035075854,0.6836808205,0.2216126525,0.3919200562,3.5311313387
0.1480229031,0.6864516269,0.8870325612,0.2908809001,0.4597766255,3.0532351574
0.2742489353,0.1731300282,0.526639184,0.283933013,0.8629800593,1.6050209997
0.2155632006,0.4841433854,0.8380182765,0.1900596044,0.6630834751,2.4794612673
0.8053596194,0.812943632,0.5707568177,0.4489886165,0.3008941053,3.4089225465
0.1841758559,0.1749591965,0.9171335315,0.3784593821,0.7386323158,1.7767366416
0.6945995337,0.1567590123,0.8916689325,0.5369479267,0.0097001651,1.9119662681
0.0858173564,0.7737106383,0.2563532365,0.6430095367,0.6543691726,2.5447235183
0.7261266327,0.3077739133,0.6097612793,0.3693526846,0.5603018126,2.0800973029
0.8504145043,0.3552666749,0.4722008915,0.0234215788,0.5015466355,2.0754848169
0.0421330384,0.4219151887,0.362545447,0.8559690712,0.8480554572,2.3615639509
0.1054900421,0.0822268685,0.3628490816,0.6463556581,0.7067401479,1.3539093713
0.0017704959,0.9860996846,0.2209472107,0.0185071554,0.2251113416,2.4904534935
0.9614321361,0.8171144293,0.096290593,0.2084874667,0.0657270127,2.8577601766
0.3447932873,0.2964692391,0.6780204768,0.7054339615,0.3222486102,2.3917348169
0.4730001746,0.2388696384,0.9065483455,0.1980204764,0.3915587822,1.9034344288
0.2835897617,0.6823494495,0.2655543147,0.9484344139,0.7812170722,2.8746099872
0.5521050352,0.2098306455,0.500502672,0.459089305,0.0475976167,1.8394921515
0.3618936946,0.2059204299,0.3420978326,0.8539820283,0.7215470073,2.0199139192
0.9071041639,0.6610412109,0.1056493614,0.1911290383,0.7913630712,2.5036164257
0.1833466361,0.0413107194,0.8118359267,0.0066364524,0.0228530834,0.8280350211
0.8578967869,0.2794511067,0.5695390706,0.108584814,0.8937219705,1.9174785542
0.6238809982,0.9553953945,0.2078515652,0.5678143918,0.4929425619,3.124007717
0.3207413002,0.8413281539,0.8315763969,0.8600340432,0.4154212158,4.182687633
0.9027229273,0.2489891485,0.4163326207,0.9201854484,0.4772985931,2.4527872208
0.6222114363,0.7524398621,0.2212300715,0.664139125,0.895433062,2.7171475283
0.6480066031,0.6610898839,0.2337931527,0.9767770669,0.5849727169,3.1400837075
0.1160472825,0.9584506489,0.2029815083,0.547709699,0.1209185019,2.6790919578
0.2200323115,0.4455234937,0.9500176529,0.1628181476,0.1973184727,2.4609577103
0.9399125644,0.2231160377,0.3309843349,0.5798641292,0.8331318451,1.797783491
0.3806755438,0.6944343182,0.8341271929,0.006400215,0.9695264138,2.9845926706
0.3947476191,0.6419221889,0.3889805437,0.3436448977,0.4183442229,2.5561643928
0.4375252209,0.1276236947,0.9517792559,0.7801133094,0.0290151415,2.2199819667
0.3891772039,0.5777400061,0.3799916545,0.8942848293,0.9145667176,2.7264483856
0.3499830991,0.1953638147,0.0019701957,0.0282019891,0.8816116201,1.3467065919
0.9256639471,0.4185488068,0.7000582784,0.5815255716,0.5353057196,2.61187622
0.8689123716,0.5216210312,0.7162388114,0.9412251455,0.6618222527,3.4417404613
0.7203040575,0.0946076286,0.2036439187,0.2902058435,0.8750207755,1.2456445158
0.7587104449,0.9480497176,0.2196965979,0.7276759781,0.1894033728,3.4284126189
0.025747183,0.0030725298,0.8769198982,0.8532072545,0.6066899637,0.4540168403
0.3840122137,0.1552696533,0.0946111826,0.3056299388,0.1613433089,1.4473923527
0.7915943372,0.5201506664,0.0022936696,0.84082231,0.8836445794,2.086597329
0.3655291139,0.6318188517,0.6810025161,0.2248764543,0.1907259738,2.7502697044
0.4748116953,0.8704355601,0.7966506595,0.0281987968,0.1207045414,3.48636113
0.0731359045,0.0691257583,0.04264248,0.7197146758,0.6129182526,1.1396484841
0.6018561923,0.9675133263,0.5135590283,0.0826176621,0.428668319,3.4299476924
0.4656376112,0.7064557357,0.636633683,0.4936528897,0.8626794617,2.9915313018
0.8945189565,0.6553266796,0.8569969896,0.5134020548,0.9737807682,3.3413086645
0.4530067262,0.937528136,0.4230633422,0.3228095165,0.7272801732,3.1358675622
0.3106145205,0.6332352911,0.3171258348,0.0664982372,0.0728133279,2.4039568138
0.7546332979,0.6509209531,0.7275308541,0.3651828684,0.8608143397,3.0373766637
0.7072357093,0.3764513994,0.6323265426,0.1791241197,0.4182424149,2.1928582858
0.5064010641,0.6697926752,0.186040085,0.9174980507,0.2764289828,2.9988235697
0.8254711526,0.7312449072,0.3664140673,0.6542398727,0.4384224822,3.091656823
0.2193012927,0.1544100363,0.0206932547,0.3786162029,0.1485376165,1.3484019181
0.3931328706,0.3045360064,0.4481749204,0.3629529746,0.6126951107,1.9658844414
0.8908745828,0.0949311587,0.5595950142,0.9519030037,0.9439528631,1.8165808874
0.9882424797,0.9849744923,0.3736017321,0.9766073613,0.6970852581,4.2896402365
0.0920714932,0.2707781307,0.0283212191,0.8082926655,0.5839944484,1.8104864577
0.5978968206,0.0267944518,0.9378865645,0.4656548053,0.3197290152,0.9277715331
0.414673974,0.5170892051,0.5633246673,0.9274606423,0.6414832307,3.0783108779
0.4877686664,0.4914016526,0.1144505932,0.4139391561,0.8302700662,2.0820789349
0.3743353239,0.3703555129,0.8528778532,0.7400294978,0.5068778642,2.7587843212
0.0825949942,0.0942000889,0.64974757,0.8932924229,0.7496628829,1.8713287578
0.014388134,0.8270971584,0.9599745134,0.490524783,0.408154259,3.6407068506
0.386615156,0.711319434,0.1587102625,0.5509610246,0.9748304377,2.387623056
0.8756906858,0.6355802782,0.5476496974,0.0398760089,0.2498303868,2.7988331734
0.7876655704,0.945594338,0.5931234928,0.6074127015,0.7224629212,3.8703981253
0.7326016824,0.6604810432,0.8221232165,0.5748077496,0.8026940958,3.3255957134
0.8822005501,0.7220303938,0.4048454268,0.6390115414,0.5873767841,3.1033061214
0.6302137475,0.9408897664,0.6470459828,0.8362879143,0.6242870935,4.1520029747
0.297944746,0.9266479469,0.4702458321,0.6526383716,0.7070973173,3.2130410348
0.3658192782,0.5641744395,0.9564498716,0.8235730624,0.6397706831,3.5267615653
0.0724897233,0.2936930808,0.0417721032,0.170375596,0.3626449411,1.650447788
0.3162092878,0.1335913825,0.1905165382,0.2097114236,0.8677299083,1.4003827977
0.5025945157,0.7381743649,0.7142655,0.8822536098,0.8168053259,3.648388513
0.0876571352,0.0097769664,0.1280163722,0.041210016,0.8699818219,0.2214295632
0.3123802252,0.418573716,0.7985150113,0.0140291797,0.1703513295,2.2549617926
0.9382319846,0.3489821453,0.6461959479,0.8652950134,0.1558815723,2.8806419858
0.0234999601,0.9487367573,0.4243094388,0.5742316304,0.6300019147,2.8868801156
0.0403730753,0.3290456282,0.974314543,0.892649516,0.2715788633,3.142253222
0.7417209377,0.4715381875,0.6478414272,0.8539743016,0.1614210068,3.1409926811
0.5106878958,0.6303616657,0.0904208999,0.7984286686,0.0720752405,2.6102729332
0.3114489864,0.4950749925,0.0058718123,0.4821574602,0.5015694571,1.87591592
0.0513725588,0.9885581466,0.5383052018,0.6964669616,0.3889857468,3.3372007444
0.2084605696,0.9294665779,0.4056897699,0.8723855554,0.944140733,3.1564367867
0.2573636179,0.1826149388,0.6305763542,0.2711458756,0.8933274741,1.6506552743
0.8588848519,0.7726750029,0.7223568298,0.0236399416,0.1826671825,3.3430522521
0.1747107448,0.8960608931,0.4159632011,0.6393836776,0.271849406,3.0477062059
0.2820326791,0.1465853355,0.7581585841,0.1058472502,0.5368034998,1.5045998607
0.3221678305,0.8779821608,0.8282847253,0.2285157288,0.9186634733,3.5110864955
0.1134232306,0.647038728,0.5046042115,0.3182757439,0.3788304145,2.5439863167
0.0442464103,0.7248855599,0.7251801698,0.786947272,0.5741728847,3.3311576686
0.7766238251,0.9842618532,0.2091817602,0.4640385937,0.3400767739,3.296019016
0.4540705876,0.7758599441,0.3249479586,0.1915320999,0.577253544,2.7138808326
0.0149099238,0.5894165454,0.3292465978,0.5653900073,0.4873783048,2.3803508779
0.7073412635,0.4851427649,0.0642368398,0.2656748253,0.9927234659,2.0510255414
0.0095541214,0.1911658056,0.0596265569,0.2777121426,0.4163145781,1.4848345385
0.63763913,0.5286379633,0.7116938755,0.0084840606,0.9153472946,2.5506867749
0.7749609938,0.2275845339,0.4945520454,0.9633147991,0.4294572079,2.5801480663
0.4470633373,0.197484846,0.4785772031,0.0678505423,0.7372893535,1.6509495585
0.3310237627,0.7042846987,0.0991277022,0.8488516121,0.5580037276,2.6124609287
0.2502213477,0.0916031639,0.4376475879,0.8948297331,0.2494252461,1.9167873841
0.8527045578,0.2659667323,0.8009117255,0.6078490398,0.7593232496,2.2216698117
0.7662577748,0.4760529893,0.2500512132,0.7615716457,0.2082491973,2.5709764506
0.8924645379,0.173662676,0.890316094,0.6167856455,0.2542560126,2.0762198374
0.2560502824,0.4973120922,0.538328093,0.0288960175,0.7847164569,2.2919950008
0.6162895695,0.7179472852,0.7242589178,0.3527731972,0.9192595535,3.1422820248
0.4978804237,0.5060484265,0.688517544,0.433911301,0.236098229,2.6352576882
0.0093675607,0.5781011421,0.3556025827,0.3581223101,0.4612999922,2.2956806567
0.1027886772,0.1424713563,0.6773613307,0.2991404254,0.8526393967,1.5276476626
0.3084159279,0.7708357803,0.1675185796,0.3690021019,0.5184902553,2.4746667059
0.855680339,0.6037330227,0.8297428645,0.6951868213,0.5492211375,3.4170507648
0.0889381627,0.1243312953,0.742554582,0.7394539285,0.4520107131,1.9150773865
0.6802140987,0.8451529634,0.3474977531,0.2805499393,0.3341144763,3.0398505242
0.406172476,0.2119857916,0.6588093753,0.0404277176,0.8759397138,1.7022995991
0.1112804762,0.6308677946,0.3629540615,0.1381132812,0.1073111417,2.362522366
0.9214964646,0.8891690678,0.7425934772,0.9583827332,0.0215655689,4.9063336116
0.0649549675,0.1132756185,0.7661290132,0.111767363,0.7818859476,1.3599408801
0.6535490905,0.9638276321,0.651195151,0.3130441087,0.9880441355,3.7258920198
0.078083656,0.7265426312,0.8119752258,0.9381976677,0.8775420021,3.6673555343
0.2612500153,0.6279653832,0.8188979509,0.7808351372,0.6907973993,3.3276048288
0.2400382874,0.9512440632,0.300120201,0.9312852747,0.8717728185,3.163398997
0.4204709949,0.8828621595,0.2703769831,0.7841831502,0.0869930186,3.188773509
0.1626703194,0.1722086831,0.9196634418,0.2216211767,0.9414668921,1.6659390833
0.4148196792,0.614234945,0.4109955216,0.1561694162,0.9967560587,2.4812186991
0.8641168461,0.3972476516,0.1921644195,0.5936692113,0.2962858288,2.2051540615
0.9567929716,0.5507790295,0.2764882033,0.6293036581,0.2080101492,2.6541193441
0.6544223463,0.4692980901,0.0904860843,0.5364275535,0.0885731282,2.1665750243
0.0237415051,0.8588382322,0.9874173629,0.1065429191,0.3366393594,3.4980116197
0.587568678,0.3118214605,0.587140097,0.7938906387,0.3110814092,2.5229427489
0.0824419062,0.505781323,0.136619699,0.5658423784,0.5880130297,2.1003927944
0.9563613248,0.7122994852,0.5533285115,0.6538067686,0.4847935117,3.3466690729
0.3240466996,0.1267812208,0.2175352541,0.1003287383,0.9090961413,1.3866053017
0.9762857491,0.4589885105,0.1628290298,0.6153613708,0.0735890267,2.3525098506
0.3734867354,0.4875795036,0.9686287933,0.6266058579,0.221658777,3.0792748433
0.254703138,0.4827907886,0.1052772121,0.9383385477,0.5659212957,2.4822602414
0.4578218069,0.5557853715,0.5001849241,0.4248061622,0.2144797745,2.5636311802
0.4974615965,0.9961675904,0.958224752,0.9856168956,0.7019913008,5.4164169828
0.2153951875,0.8095959644,0.8750699875,0.7994452934,0.652369034,3.9166739802
0.4389884593,0.6275726387,0.5142956087,0.2917408675,0.5429671046,2.6348745042
0.313233552,0.9091152523,0.6237432298,0.5947357717,0.8681448158,3.3778481108
0.7560542601,0.4968181609,0.8316557084,0.4926376229,0.6679640871,2.819738683
0.2751747686,0.5175935389,0.5252190316,0.3031134873,0.8802727186,2.3653785976
0.8137906673,0.9960665933,0.9602347619,0.6491935768,0.9019116592,4.9811732785
0.3798998066,0.7231852252,0.8510353123,0.3942789119,0.3021707553,3.2924325043
0.5801275638,0.6121217138,0.9404178942,0.5377181349,0.3580115854,3.3343946047
0.409236352,0.9281583743,0.2313215539,0.633906259,0.5516462985,2.9539729025
0.16075967,0.6029681328,0.118339699,0.2410194634,0.9129317433,2.1267227526
0.2824451549,0.0980910058,0.1670510529,0.7894959543,0.8266897134,1.4050760615
0.7854934086,0.4684564923,0.7617270616,0.9698752654,0.6992736915,3.3950286546
0.3793237607,0.4055133099,0.1393363003,0.7315856197,0.4659431009,2.1771045345
0.6796808841,0.7779384167,0.8605947907,0.3844977713,0.9989709684,3.5675499048
0.9668294645,0.0338322858,0.7775869153,0.1133492393,0.2608880813,0.7746428736
0.6526211922,0.966776344,0.594345693,0.7712694958,0.3258430529,4.1043567286
0.3777123198,0.2379418891,0.2119251753,0.429659792,0.2769020263,1.7626021284
0.6970775409,0.7796123619,0.7425325911,0.7853353124,0.2326783184,3.9454620701
0.7526092245,0.8699164316,0.5996092639,0.5950103689,0.9798979373,3.5496485351
0.896103536,0.0931153218,0.6255833583,0.9086130222,0.5101021107,2.005573773
0.122994968,0.2845561968,0.8327733122,0.5454263275,0.7456312014,2.1878512496
0.7954014079,0.1760449726,0.4229257752,0.7095349676,0.7513360416,1.8123949793
0.9888432978,0.9642817266,0.464997693,0.2902360004,0.1799874851,3.7632108007
0.1514710404,0.3654802248,0.3763267957,0.6980484135,0.7101677421,2.1832851281
0.1596881256,0.7647674165,0.2177357217,0.6496660761,0.1513820058,2.6169258998
0.959156109,0.2069732323,0.5804674618,0.7176143236,0.8267270392,1.9854715287
0.1916557604,0.2291936919,0.8334387196,0.7153059267,0.6963500932,2.2412115906
0.5912278104,0.6932547726,0.7154303421,0.6030052633,0.3793555445,3.3071506558
0.0253932436,0.4774717595,0.7199269887,0.2540031078,0.6077107764,2.3640601106
0.0605860078,0.3502687141,0.5842001913,0.8947656311,0.9763496695,2.4362131849
0.4002730628,0.0408828342,0.4233085653,0.7458645815,0.395008015,1.2406741377
0.4826735293,0.0651483776,0.8276272516,0.8422538824,0.1904064426,1.8938684101
0.4713222987,0.5224837342,0.5228484115,0.9021720502,0.2994561866,3.1240871214
0.4835536268,0.9985220372,0.8700405159,0.6837074261,0.7135815457,4.496467855
0.8465090625,0.6056972076,0.4325788487,0.5434349645,0.4536844557,2.7956615216
0.0015875837,0.9461503483,0.2595837864,0.8302248179,0.5637514449,2.8651121953
0.5014416676,0.541791681,0.4597652655,0.7543294742,0.9952707202,2.5757827255
0.1466187406,0.855215597,0.1334458191,0.7987691865,0.1016798739,2.746373661
0.7370997488,0.2305523057,0.6689009487,0.3388066348,0.6488096609,1.8692777019
0.1794787475,0.3662482661,0.0791117363,0.7857744216,0.5065947552,2.0600594771
0.1583974464,0.305909866,0.3912665318,0.1740494622,0.4421371501,1.8902658081
0.1032846535,0.3603946117,0.3068651522,0.056846017,0.5649446282,1.9417337823
0.2772272036,0.2881863206,0.4879797387,0.2484670335,0.0478082986,1.9142299481
0.0021615066,0.0875926125,0.6608354801,0.9966727882,0.2529754583,2.3332027978
0.9836926758,0.369216894,0.2460723426,0.1738925972,0.1777022192,2.0600065983
0.4125335466,0.5501291368,0.7027659228,0.0055087141,0.8488718008,2.5305847547
0.3399006939,0.7433641958,0.5111364834,0.1198055693,0.8604078605,2.7613606648
0.3292071328,0.0224353969,0.4162742756,0.0843138541,0.5900866827,0.6090109235
0.395699797,0.9540414154,0.3092116464,0.2900964036,0.6759695513,2.9542077356
0.3641647152,0.0028131043,0.6161410618,0.9688737241,0.3569109405,0.6324576354
0.2835014679,0.8549868311,0.8120948372,0.467848615,0.7856721627,3.5231945609
0.4308925541,0.5416711147,0.9866697355,0.4944175612,0.7876240155,3.0282139515
0.2702733653,0.2004089775,0.0149525679,0.3953589888,0.8964443104,1.3943412856
0.2011696955,0.1480219727,0.0497842068,0.2103231144,0.2961107339,1.3596113313
0.6848224862,0.1614401257,0.1346156099,0.1965088574,0.0131568818,1.4886982187
0.1639071393,0.7964102288,0.1878751465,0.2335564515,0.8947483201,2.4070181418
0.7298620071,0.9167980058,0.1383249266,0.8381828037,0.0084130215,3.3658547249
0.3568473326,0.0784932338,0.4951342922,0.9571938862,0.6578124159,1.8754192264
0.5221298456,0.1116986633,0.7149508209,0.5294503181,0.5242941331,1.5829382626
0.2527713089,0.7328522666,0.3133133457,0.3690007043,0.0567961109,2.5745328972
0.484612305,0.2354418882,0.8973557027,0.5005218396,0.2832042458,2.1331517408
0.5441066648,0.877038077,0.2145614873,0.3052574066,0.5010016651,2.838511401
0.7019359295,0.1823399973,0.5166379598,0.3627436266,0.410153385,1.6999250657
0.1674387015,0.0684279604,0.992289586,0.451195362,0.6444108081,1.3530646177
0.4773336176,0.132160591,0.3643648718,0.7307641404,0.0689078264,1.7884383621
0.1937198001,0.8532727535,0.6243030706,0.2073778627,0.2128618367,3.0361496292
0.8473964755,0.1348408402,0.4955702652,0.0142202771,0.6699197663,1.4444841488
0.1011939105,0.7607976657,0.4855781109,0.1318351151,0.9254558559,2.6298233911
0.6524669821,0.7984253785,0.9105918668,0.6395904196,0.1409915166,4.0814237832
0.5441483227,0.2643583361,0.910400067,0.5492290757,0.1005818904,2.30316562
0.4113771995,0.8078499183,0.3732296051,0.7665491062,0.7570461505,3.0293778617
0.4567831676,0.3451471759,0.1744161188,0.050169338,0.2143372875,1.899550423
0.3856548388,0.1488866189,0.4366818732,0.4350693484,0.0641713059,1.6083241179
0.0405817635,0.3411036346,0.7423502146,0.5738642819,0.611755416,2.3050425544
0.0842851724,0.7615480588,0.0616251573,0.7910903879,0.0004542749,2.4852521312
0.2206478927,0.6488916217,0.4674134601,0.3838502804,0.426578942,2.5814707068
0.1428180877,0.8409546169,0.7656256356,0.1989726827,0.3510495587,3.1819652861
0.1527241897,0.8733319384,0.333488723,0.3273597597,0.0364569551,2.6989618013
0.8342964142,0.4188568108,0.0365225822,0.7035540314,0.2976149204,2.1271554381
0.6743016229,0.2982609153,0.1883005616,0.069342735,0.3684103393,1.8406132744
0.9742306061,0.6603755434,0.7982312185,0.4502318918,0.6149632905,3.3289104398
0.5160636837,0.8714383009,0.5368237433,0.4234456308,0.4940514672,3.270874718
0.4364842309,0.5968745125,0.5752804503,0.9009672618,0.1007839974,3.3625587511
0.8693666293,0.1034524785,0.5632942503,0.6156492671,0.4298023074,1.5829334567
0.4142805277,0.2152100834,0.4845256263,0.0340716292,0.8100530533,1.6960759892
0.4019518993,0.4069269947,0.0694597561,0.0520600078,0.9179783177,1.8980404967
0.7829724173,0.6559127073,0.3565375204,0.1571275834,0.7519029989,2.6743596121
0.1363378973,0.6065428911,0.165236182,0.6952298756,0.3150758403,2.3970536041
0.4235986203,0.4628555719,0.8329232254,0.6996409816,0.4470397695,2.9331162244
0.5650037869,0.149862234,0.9415340526,0.3452720167,0.4176676869,1.6996030297
0.0847445524,0.4736769497,0.0026481035,0.5192880263,0.9411209542,1.7032065522
0.8128168834,0.058757779,0.7018225326,0.6324308941,0.5540986941,1.3516357739
0.8167231034,0.0580822134,0.3927517475,0.9031404478,0.4848979844,1.6280693568
0.8216803356,0.9364611185,0.0031482119,0.0028517307,0.539828524,2.7479821698
0.5272543123,0.2099605626,0.4238328899,0.9779927388,0.6952336861,2.3658375469
0.8734754531,0.9514344826,0.1886841266,0.2550615782,0.0902223233,3.2312447142
0.6301716934,0.7578243604,0.2210549822,0.4089824446,0.7753597184,2.6883975204
0.1119097038,0.8779561098,0.9087341039,0.2891715239,0.5867818813,3.5555941823
0.1678952111,0.8460577212,0.3222482773,0.5229437207,0.1987540147,2.7516610656
0.730709777,0.4730233189,0.739551113,0.4920063347,0.1577146805,2.7071210677
0.5877891548,0.9168926198,0.1030370072,0.4593738236,0.6393140475,2.7951681615
0.5662140953,0.5595394801,0.3221622976,0.2518324968,0.4289659446,2.3987032333
0.9521201544,0.9009371367,0.3960197014,0.0350400419,0.8491072187,3.4023318327
0.8815534534,0.7092120429,0.9035574656,0.75393127,0.8291953867,3.896356379
0.1352346539,0.5321273506,0.0556084116,0.9076037004,0.056909607,2.4878199987
0.7521667636,0.7851675348,0.6094200213,0.6806623018,0.2606569035,3.5861666405
0.1635714271,0.2623929579,0.3312908749,0.2034055581,0.7737209036,1.7809309484
0.3369459033,0.5434531232,0.20059736,0.4462469167,0.9226182434,2.1899355143
0.0207394427,0.5863388607,0.0798709849,0.6962843034,0.610875014,2.1521514726
0.8382880609,0.2639165167,0.4111095606,0.1633273889,0.6913169753,1.85070204
0.9394409193,0.2932116922,0.8175314108,0.5739383835,0.4308021478,2.3551658129
0.9945220237,0.4011366158,0.7463483789,0.4591816401,0.7327227094,2.4806014275
0.6063671396,0.9031727961,0.1513938669,0.3496933898,0.1695210419,2.8685601299
0.6812754241,0.8107394311,0.272563298,0.8170066061,0.6483391819,3.1678891081
0.257240088,0.7616930977,0.847764499,0.3781467036,0.2988329597,3.3089300157
0.5432613101,0.8687692138,0.9212428068,0.8644068169,0.804155675,4.4979968471
0.9857917326,0.209405978,0.5224741318,0.5902121526,0.1099738313,1.9735266242
0.8850520472,0.1236594345,0.1331244954,0.4537706689,0.9866366431,1.3225997084
0.1859524667,0.6806149161,0.9912585483,0.4893441913,0.5390066318,3.3800642989
0.0621903604,0.6795681121,0.0500557558,0.7758557498,0.335855356,2.3314571306
0.9176267025,0.8905365833,0.2367656163,0.8651871148,0.4759662827,3.5968174008
0.1826071744,0.0441830817,0.8815607559,0.8696464573,0.9264309423,1.5175806258
0.0142341349,0.9388805546,0.0169237028,0.5564718989,0.4978544018,2.1726915519
0.6182324712,0.5624056559,0.0645713981,0.8298550891,0.0256657929,2.5497262685
0.8990324305,0.5169072964,0.7557026702,0.5936805711,0.675559218,2.9208050706
0.7737040811,0.9129061585,0.7354309112,0.0867621326,0.8744955761,3.7712001611
0.6244006332,0.4216171612,0.2759612263,0.0312597172,0.5101117899,2.113353371
0.997502472,0.772846682,0.6154069928,0.5076743369,0.9232838484,3.4243907912
0.7064581821,0.987680654,0.2145122618,0.3561672431,0.5634106263,3.1946800624
0.7262679986,0.7350245428,0.1274666819,0.4912754879,0.5505401075,2.6325843489
0.0191174902,0.8813570964,0.341462079,0.385666756,0.0956104321,2.6360829162
0.2544341173,0.0104981579,0.273786318,0.8237498398,0.149755022,0.7293821878
0.8031299049,0.9068874046,0.5720430894,0.5730404553,0.4146402485,3.7608195243
0.7629852456,0.8917996509,0.0166477123,0.4700611536,0.2643314484,2.7336717232
0.3339889816,0.2843970943,0.0630216869,0.3106006121,0.0045466896,1.7060633838
0.6955339252,0.1587240584,0.9022263389,0.8357920453,0.7132648926,2.2696764112
0.7610121609,0.1177687976,0.4693943097,0.6899659641,0.3069782406,1.7099297367
0.8514604515,0.3046619068,0.3516703579,0.7672390335,0.3889714251,2.2894574395
0.6774405823,0.7376048544,0.3214345663,0.3163529346,0.8548128558,2.7664875006
0.3770967629,0.0275997838,0.871928758,0.3482165437,0.1759484489,0.8213042623
0.6264105011,0.7249770949,0.4013714674,0.416420771,0.2000593112,2.8700243359
0.0546428985,0.7537270577,0.3773713585,0.6403620532,0.0692144108,2.7447785807
0.6650713091,0.9817108361,0.2757419834,0.6496326239,0.158156557,3.4244470834
0.5799964636,0.058712326,0.7343576713,0.4368919516,0.2753325147,1.2102597201
0.2703393605,0.2080811523,0.0611646618,0.3532362364,0.0200910822,1.556094791
0.1736444277,0.7867486221,0.1483408269,0.5909326368,0.6662541619,2.4329054237
0.3042892823,0.7348175624,0.8397288183,0.1865272876,0.1831877369,3.1330692056
0.8316176538,0.4361209094,0.3214639423,0.1084537243,0.2990053068,2.2068195285
0.4217492663,0.3057918111,0.9354260813,0.6645423155,0.7995584155,2.4691537202
0.315000783,0.9688516494,0.0350300921,0.3419186047,0.5964355511,2.4707145819
0.3074934301,0.216068699,0.1716263194,0.8320020444,0.6496767628,1.9128519275
0.4981081944,0.4270047678,0.9596036696,0.5592068247,0.5951161536,2.7796268172
0.6985415528,0.0816131302,0.0897562655,0.1100921803,0.4542453359,1.1341266511
0.5418404206,0.6776360117,0.4481621606,0.4101115158,0.2279581118,2.7777855634
0.8339490164,0.78152321,0.2478422823,0.0082944564,0.896616674,2.8687848345
0.5236295336,0.6565701384,0.5278479103,0.9531388879,0.437282207,3.5098718223
0.7610288293,0.5064618008,0.8543707263,0.3970453166,0.7791574434,2.787911143
0.2801658406,0.7968760452,0.2020135508,0.3922034458,0.1794711491,2.5547162229
0.4414707008,0.8748180489,0.0346106333,0.4424648529,0.366906255,2.4980218401
0.7951299932,0.6783347325,0.419167537,0.3992928774,0.1580872727,2.8634980198
0.4246007083,0.9366672491,0.5398587415,0.9728938357,0.5406328135,4.0717628158
0.7139099729,0.3588656741,0.8901558928,0.4041095779,0.4003419073,2.4192981321
0.8350046314,0.0033610654,0.8424294349,0.02363604,0.3518965049,-0.2910186714
0.5984301064,0.4772380556,0.8914760123,0.9295499292,0.1944589838,3.6439516746
0.1984182466,0.4019816667,0.925026976,0.9435664555,0.9315320919,3.1099612842
0.0324553438,0.9454113645,0.2638519611,0.3873555814,0.761964157,2.5601903374
0.5792470523,0.3745079995,0.5130419466,0.8344888794,0.1132869169,2.7065041756
0.4078890344,0.0361447269,0.3821003665,0.9557737969,0.0407395235,1.632459186
0.9825876129,0.4218431532,0.3886907436,0.3423903952,0.8180620228,2.2514121673
0.2918702369,0.941274242,0.1394731719,0.5957430638,0.6037399245,2.6892329926
0.5857872944,0.1234109749,0.8127950432,0.5201852873,0.78643586,1.625773441
0.0944077338,0.6683920627,0.637017152,0.8437287186,0.9030952083,3.0476889976
0.5628732818,0.3682818105,0.8347411968,0.9508371851,0.4596186054,3.245930147
0.1159766461,0.0866330031,0.7386124227,0.4044839742,0.4191129974,1.3678909968
0.5745078665,0.1184426532,0.3632125806,0.3272651506,0.4310002511,1.4208327275
0.6567295892,0.4350585414,0.6454928312,0.6686092615,0.2930253702,2.6941287617
0.6232865406,0.0165100789,0.0773926913,0.7452591297,0.5684800968,0.5988090266
0.0861415847,0.6889247207,0.7282824353,0.8807506221,0.4933294465,3.5033559401
0.0516274916,0.2152068287,0.3675315618,0.9799095772,0.4240273531,2.4542167138
0.304027518,0.2426217352,0.205604458,0.2236261324,0.9010563989,1.6984381226
0.1080225175,0.9280486694,0.9581282239,0.2849904355,0.6816630613,3.7999673361
0.3323384754,0.0067491261,0.000322507,0.1415931243,0.4163653308,-0.1534066952
0.5424508138,0.7825703516,0.2264635945,0.9436349378,0.2981580771,3.3151374983
0.1257209268,0.1195672166,0.2861554418,0.4636333801,0.4297559445,1.4478647719
0.4288005189,0.3623699159,0.3411780631,0.9796067304,0.4173170209,2.7695412209
0.0570481569,0.2763125151,0.9695876548,0.696973366,0.7283731117,2.4532566208
0.3898381323,0.6540199455,0.6900932144,0.4504279951,0.7415230842,2.9029362293
0.9032867537,0.4215898325,0.9399868648,0.8560328605,0.5908392721,3.2935989031
0.4617120074,0.2224635279,0.4411172804,0.5847024675,0.1929316812,1.9377992899
0.6383356375,0.749754389,0.2331471017,0.6913810838,0.5065244872,2.8762399058
0.3646358571,0.2104990799,0.3159532989,0.5322415971,0.0032110428,1.809116592
0.2788319397,0.4225864739,0.8380911485,0.9460637893,0.1727034631,3.4123434364
0.9290254773,0.8354583376,0.5616972654,0.9255406295,0.3669475501,4.193514135
0.1710854317,0.8619240383,0.0980132371,0.0636526728,0.2355219866,2.3664560841
0.0736303371,0.3400379764,0.7048088324,0.6358030094,0.1525975573,2.4101024439
0.586846458,0.5904997289,0.2079681125,0.350783926,0.6818627692,2.3698661236
0.8026744314,0.7282122076,0.8470164684,0.3735181976,0.1629840629,3.5120296418
0.2603552875,0.6902114395,0.2852293884,0.1491115962,0.7991968759,2.4369877065
0.2216581679,0.2949723944,0.1595623454,0.4980542934,0.303624073,1.8578461543
0.078201999,0.1171264679,0.0503786055,0.2121751278,0.2709951196,1.2543150232
0.5469823754,0.4455735586,0.7267315923,0.4492006598,0.2722007292,2.5439431729
0.4214593351,0.9159333583,0.6279967444,0.736008812,0.4775550498,3.7513594756
0.369252759,0.0009236124,0.6501384177,0.7532154596,0.2447956253,-0.292941906
0.3850673058,0.8190439688,0.220797383,0.4391265477,0.4595255353,2.6761072505
0.8213151339,0.8361831836,0.5657881445,0.070755152,0.8961998231,3.3281661128
0.5568361783,0.5628277704,0.5941545758,0.8978962731,0.6754096735,3.1741975602
0.4543786712,0.5149586159,0.548215677,0.1353407272,0.538166112,2.4008364794
0.4618443279,0.1222328511,0.909712903,0.6094533736,0.3498532076,1.8422846731
0.5692746274,0.8310951684,0.5292230244,0.9864021318,0.5788323961,3.9474818679
0.0467838461,0.7237700741,0.9573426459,0.9229648365,0.917500993,3.8933034226
0.7422347416,0.6901427764,0.7996374001,0.2759418343,0.966248275,3.1911392895
0.5036667429,0.6319350244,0.8118554549,0.6300480547,0.1537295852,3.3059956194
0.4237415099,0.2657747592,0.4011262625,0.498860369,0.550645598,1.9243029355
0.2998583855,0.2451897792,0.267629728,0.7618817063,0.8093409035,1.9055082317
0.7654739884,0.5466032294,0.6912714455,0.3476654768,0.1386332866,2.7563081862
0.7918952547,0.852550945,0.8750420883,0.1242289054,0.0886069878,3.8340620778
0.1539609809,0.2331308527,0.4215723409,0.3665494169,0.3487467654,1.7952361231
0.6518142417,0.49462177,0.5930293652,0.495576178,0.2861897124,2.6092530647
0.9190945767,0.7852002385,0.7372727154,0.0232437258,0.9554533758,3.43807679
0.219487662,0.6169473953,0.2166198827,0.8107460099,0.7181385285,2.5135248722
0.2267412043,0.1606248778,0.3929548992,0.3677094944,0.9076883842,1.5443197883
0.155839423,0.3423159809,0.7727085298,0.5726782577,0.3137229646,2.3884750506
0.5327330283,0.1353144827,0.8544107249,0.6254026419,0.3572355025,1.8893838986
0.5068349841,0.4812383801,0.7068587155,0.8025617665,0.9848798763,2.786025311
0.307963392,0.5031535584,0.2152259871,0.0501903908,0.5322739386,2.1455276365
0.4637231841,0.222960575,0.1849545604,0.3764468788,0.7299855526,1.6688483167
0.1199699305,0.6217716527,0.2098949905,0.6647401324,0.2938895389,2.4349564733
0.0641485346,0.34155475,0.671608136,0.6075664191,0.2552822314,2.343814312
0.3920041318,0.778553715,0.2583243207,0.2513566313,0.1398841199,2.6281977965
0.6232396676,0.8546275008,0.2622564496,0.5818667044,0.9398248075,2.9149453629
0.6749738303,0.5897837046,0.0548575325,0.8298946444,0.2262206273,2.5744512174
0.7533261965,0.3533769052,0.8410365866,0.6946065645,0.2656146525,2.722235336
0.7559186411,0.1700066649,0.7994233212,0.9521304076,0.9814727001,2.3072128108
0.3828440674,0.8638370077,0.9045856863,0.0068656611,0.1472442613,3.5742445838
0.7151213831,0.3028602612,0.9388723511,0.5254306791,0.9506146552,2.307975915
0.5616068467,0.3661958985,0.5393141015,0.058189074,0.4222651862,2.0871242014
0.2599328135,0.6606949542,0.5595114934,0.2874062038,0.3867579871,2.6688991431
0.025316678,0.9692658097,0.3829050942,0.4184810708,0.4179244414,2.7895777899
0.6626117583,0.1852495782,0.4391415843,0.6502413226,0.4142505673,1.8761098426
0.0500642636,0.996445871,0.1049566844,0.7667979065,0.8879536102,2.4574151541
0.1854174079,0.635848362,0.8519849787,0.2628383522,0.2768029799,2.8889170529
0.7414130676,0.6781048011,0.2920199304,0.3378942979,0.3098329089,2.688412439
0.310683822,0.7088647028,0.6863858518,0.922625554,0.1932210906,3.7671888931
0.4033643962,0.5576028235,0.8811585887,0.4575154411,0.4296550949,2.9448584198
0.9773931261,0.9069666162,0.7814567932,0.0263350462,0.6165501392,3.9804914434
0.3604625177,0.7562494376,0.3216539705,0.1453948535,0.2964749362,2.6225981045
0.0930668933,0.7277594344,0.2434773534,0.8228499556,0.9437804653,2.5143072444
0.6726603778,0.1138298823,0.8177384124,0.7107140389,0.4114749706,1.8860242715
0.0512370591,0.5874226948,0.7049508221,0.1941503102,0.7412649756,2.5427801009
0.3679975977,0.3149162133,0.0149098155,0.3160702928,0.6308343685,1.6437539724
0.0157881714,0.1669675971,0.6159950863,0.4484612152,0.2029063581,1.7187483907
0.7423289591,0.5545985196,0.6168598041,0.2806348267,0.2120436295,2.6703272939
0.514939748,0.8582981185,0.8293900322,0.1899223404,0.3670355701,3.5995389614
0.392213593,0.8521832519,0.3996162077,0.6796035611,0.3677060658,3.1485868421
0.9696617373,0.40120165,0.7544644021,0.0489140383,0.4279435894,2.3105674971
0.4994825558,0.9642720167,0.9357261972,0.9290870321,0.9008711944,4.9321493384
0.4020130937,0.9840058535,0.6973242071,0.3384856798,0.9076389945,3.648345245
0.0345457045,0.2003373494,0.6709707649,0.1833939017,0.7076764302,1.689064269
0.6996990803,0.4747058314,0.2813389618,0.371685429,0.2275616017,2.2860320071
0.373534485,0.0336699595,0.472643256,0.402608616,0.9111834923,0.8228260878
0.8365831759,0.1674526914,0.1312327911,0.6542024943,0.569116543,1.6230400835
0.7385557815,0.1140771231,0.6768200183,0.0262656917,0.7360824835,1.3492792502
0.9521051692,0.9319337236,0.8248285269,0.3081580224,0.613175441,4.2562350616
0.2341073379,0.2987431695,0.5798966698,0.544911809,0.3398864423,2.1336916495
0.6287703684,0.0407986946,0.3996705504,0.696271329,0.3224288991,1.1818086442
0.7083723305,0.4481516546,0.1542830523,0.1487720839,0.5658226768,2.1059728859
0.6542072517,0.179176827,0.9545950403,0.4085734957,0.2189556265,1.888273066
0.5952539034,0.6029948217,0.9092826406,0.048751533,0.1546799238,2.9113082862
0.3587877273,0.2339881128,0.9245997628,0.9695725262,0.6150481815,2.9290261392
0.2095364553,0.5122087249,0.185387705,0.6518418766,0.8118218083,2.1781442826
0.5188613788,0.3157204089,0.5220250471,0.8692370621,0.0606518884,2.6508844278
0.0119937963,0.4957464784,0.0571791662,0.2617316358,0.1158124958,1.9199656368
0.0105770868,0.1503983783,0.5298270721,0.3308237956,0.9157346538,1.5279606649
0.6781429304,0.1371200797,0.350463788,0.6950725405,0.7901404498,1.6127263904
0.9044015924,0.0547260214,0.874355433,0.6273406441,0.2735932372,1.4377281567
0.1054368322,0.2300039493,0.2927812119,0.5604590264,0.9348991588,1.7180783039
0.5573193694,0.4574285201,0.741133152,0.8535269399,0.1643688374,3.178315443
0.8629047296,0.9836124589,0.2584185705,0.9292139825,0.4147686611,3.963271501
0.0622991605,0.8511083657,0.0731655806,0.1037805174,0.1694845119,2.2378322912
0.0434468309,0.2200975975,0.3458083235,0.9362637571,0.0389471943,2.4111331305
0.3726078516,0.2426803128,0.3050943692,0.2826294883,0.5855604589,1.7584544161
0.2604034171,0.7217777318,0.3238015915,0.4907671351,0.4114201744,2.6130105496
0.9961229248,0.62906142,0.7573775672,0.8456859125,0.5480125481,3.69699252
0.8487781475,0.5460706614,0.3229289658,0.2477078878,0.2374896549,2.4624668731
0.9495417967,0.9250727112,0.5884702576,0.6316849885,0.7231024185,3.9594355076
0.6403188559,0.2443732915,0.6402776614,0.9286045025,0.2229798583,2.7114558736
0.3822237763,0.5807422742,0.0157107138,0.8149795251,0.6547015954,2.2109859858
0.9037438689,0.761732386,0.1201976123,0.4428607426,0.7950279145,2.727923691
0.6787641109,0.4235114984,0.0042289719,0.9484711469,0.974698456,1.9965785374
0.3291633623,0.1615157316,0.9395662509,0.4342588037,0.2123895488,1.8288603751
0.3037897248,0.5146222038,0.8339516628,0.2226800104,0.0193252694,2.59685674
0.005799863,0.6109548749,0.6621158794,0.3886438417,0.2925424837,2.6356796527
0.791800953,0.8793013145,0.7812300513,0.2633551538,0.5063591562,3.8238474723
0.1873768223,0.516446634,0.2692164185,0.069001579,0.2209090644,2.1682166735
0.5183564166,0.3060754968,0.5774475972,0.5853157728,0.9456295986,2.0831965462
0.7136189844,0.6210716434,0.228261993,0.7013198349,0.4682259525,2.6882263539
0.6402068613,0.2208651721,0.4269347829,0.9109542952,0.3265317159,2.3996355712
0.318335715,0.8757551149,0.3943642259,0.1714125809,0.6130170966,2.8585449986
0.6420002319,0.778065278,0.6750231683,0.8516824427,0.2155965331,3.9184527874
0.9496340561,0.5711794735,0.2397812097,0.0979648989,0.2480003962,2.4696645976
0.0617467884,0.3296917158,0.9870929357,0.7638819935,0.9928394484,2.6029648933
0.0746032067,0.1754612247,0.5137685593,0.6823414834,0.6026110717,1.8561551123
0.5479271784,0.4960622992,0.0637909574,0.6719788371,0.6637431874,2.1415805953
0.7530938624,0.764344943,0.8564806178,0.3232075926,0.9552863378,3.536367266
0.4281169649,0.7818831408,0.7000164525,0.3410932426,0.1447157525,3.210954421
0.063001472,0.9621095576,0.8238360179,0.7307904128,0.3998295667,4.0124618676
0.4420835364,0.3001192985,0.7232170471,0.4800400434,0.0831269645,2.1965940303
0.6157428054,0.923893393,0.4684053245,0.711437874,0.4138342733,3.6115663971
0.1940536348,0.8788189606,0.1465895171,0.2257712849,0.830498473,2.4624778923
0.9141469023,0.0866808372,0.420180324,0.7065788049,0.5521737558,1.5055208031
0.497468882,0.5747093523,0.218182683,0.3125606836,0.4076533408,2.3333224708
0.0649884383,0.2881601448,0.2540129949,0.7775584834,0.5011601874,2.0963346739
0.1331758588,0.3283868677,0.9944779458,0.4149443817,0.2160875455,2.3636901791
0.2703760948,0.8532897786,0.6717273169,0.4197172837,0.5105372304,3.257512543
0.5562511995,0.8171425841,0.5682654278,0.4234040747,0.0002967224,3.2422595751
0.2082386271,0.1183961669,0.4207453046,0.7894319661,0.7613752394,1.6731435389
0.5481065311,0.0308329551,0.3111260075,0.2535554168,0.4149203841,0.7754189255
0.4981970228,0.2950880709,0.4306156863,0.7806748278,0.911984453,2.116649809
0.6211045308,0.6216722226,0.1021888929,0.3999609335,0.7928815589,2.3104359772
0.5102907214,0.9982604382,0.6711503437,0.0566148339,0.1823541527,3.6726216696
0.6132529851,0.5611421405,0.9629559689,0.9750927144,0.8207532684,3.8785174912
0.1895781048,0.0049873828,0.381478125,0.1377007591,0.6181739052,-0.0437894569
0.3354638941,0.7339829137,0.3416095274,0.2768654788,0.4820744458,2.6113311398
0.7542255314,0.8268146841,0.0892992187,0.0189112872,0.7187590033,2.7192931737
0.6722834951,0.7505961393,0.5592136113,0.1107715457,0.1184443082,3.0137108251
0.0803673894,0.5457717897,0.6162358196,0.8707771229,0.8415541898,2.8797528964
0.9343354024,0.4860688408,0.9779229208,0.0487080682,0.533385566,2.6977534796
0.5658225345,0.0589782179,0.4433958491,0.8051620293,0.643112283,1.4257418314
0.2622099374,0.3982802317,0.8530148261,0.4574357695,0.5883782473,2.4599078836
0.9362748475,0.6882767556,0.0191132037,0.4604371272,0.6282781197,2.4258542187
0.8073796171,0.6834406073,0.6200135858,0.0557495297,0.7591570932,2.9563170919
0.5976424864,0.8632911367,0.0333040887,0.6729061836,0.6774859633,2.6391380185
0.8230171755,0.6212206106,0.3945325979,0.6484571719,0.6355574478,2.8268453893
0.5092072156,0.028816419,0.1540763956,0.1423048505,0.371963623,0.706849862
0.3794425947,0.7190015886,0.9445697987,0.015650192,0.4903012037,3.1932769594
0.1185167211,0.8052073356,0.3726213276,0.1500974291,0.1728451247,2.5947462549
0.8549926695,0.364821576,0.7346289705,0.0015979593,0.3947626741,2.1704397601
0.1555505001,0.5721620321,0.1040802572,0.6236430076,0.7022385143,2.152292202
0.4817681385,0.6467690326,0.8406258973,0.563463141,0.9099636972,3.1685422494
0.7444122357,0.4083142178,0.1040865418,0.6420433982,0.4157237704,2.1346564262
0.0677571734,0.5272811474,0.4262317701,0.2489559944,0.9627704739,2.2463453369
0.7454353324,0.011958516,0.0900678996,0.1373774593,0.7931592131,0.285803025
0.1101500897,0.683364887,0.5170230882,0.0849751856,0.7211770511,2.5459272775
0.0889917035,0.7030085456,0.3884289511,0.4990551814,0.1005426457,2.5965055834
0.7262654849,0.3676975314,0.4164549499,0.0699694664,0.5008909507,2.0764936922
0.1421978441,0.6530668745,0.1585014828,0.9999775062,0.9659198932,2.5926004765
0.5399013809,0.1377408525,0.3533563321,0.4690892929,0.8062796697,1.4969524974
0.7783214778,0.2603162555,0.5676350622,0.9902190361,0.2908094865,2.8642115712
0.6969169274,0.0647012903,0.8708338188,0.9108100347,0.370000473,2.0593958312
0.4566199465,0.4274977129,0.7965690503,0.5775098295,0.5047998962,2.6412925388
0.9863233943,0.5358087979,0.094888055,0.3911011228,0.4164607327,2.3043940886
0.9066949601,0.3028880092,0.0817790066,0.7560647477,0.1023063054,2.0723097364
0.9488544813,0.0565847638,0.7778622727,0.2865476455,0.4295920709,1.095287685
0.9586294231,0.6016114708,0.6519768063,0.977810459,0.4919144732,3.7862148441
0.2606824122,0.6704694887,0.4590331281,0.6284959563,0.6927237941,2.7295127166
0.9608260624,0.6021504768,0.3834541694,0.3460448708,0.8916461682,2.6538843063
0.606518819,0.1094768976,0.5080660763,0.7090771133,0.7001213999,1.6156718808
0.7819836955,0.9724198179,0.4150276326,0.8087811184,0.1602830531,3.967803282
0.9022901005,0.3482308856,0.1874030591,0.153042054,0.9409849551,1.9616099809
0.7696062564,0.9292400023,0.8934091374,0.2434812274,0.2390217499,4.2110201242
0.0847240847,0.0362307434,0.055505414,0.5328970985,0.6427359409,0.7734937016
0.6967068885,0.8307825327,0.4012426564,0.4320653211,0.3102623797,3.1414121948
0.0905982514,0.2825390799,0.1666465274,0.0057043792,0.0486950132,1.7489501825
0.774065105,0.2101293907,0.8008530436,0.1527896347,0.5575893773,1.7696742209
0.2652338105,0.3126700544,0.0957973516,0.1848671669,0.9278161081,1.7562679014
0.0687691737,0.2938905107,0.1515876404,0.6809908184,0.4628880681,1.9303850694
0.9415867189,0.8524285308,0.7137962212,0.4097238597,0.3331876781,3.8206824334
0.7823234496,0.0893840005,0.8471115823,0.0586604981,0.3833136645,1.2281286653
0.5313700035,0.2877836628,0.7897732239,0.7209110663,0.3783849056,2.4904642727
0.9605843294,0.5309425581,0.9351556774,0.046740395,0.9401557536,2.8201115653
0.4942975941,0.9371076713,0.8069557426,0.9923043391,0.1202710948,4.9845790436
0.1232510637,0.1175969571,0.8337390423,0.2382804751,0.3432153943,1.4495906458
0.6605553015,0.3637810072,0.462802873,0.4492792424,0.0699059977,2.2028064288
0.4314327231,0.6518045173,0.5957816727,0.9186814839,0.6118508489,3.4012046726
0.0272435842,0.3302523906,0.6642753535,0.1214566294,0.4009120036,1.9956801187
0.1560520953,0.8604982642,0.459816616,0.5840211725,0.279777942,2.9970496141
0.3709570237,0.4541875152,0.4792244637,0.1266133157,0.6224014654,2.2239203446
0.848695254,0.5778176691,0.8348944336,0.3456710977,0.879399854,2.9683188573
0.0709404561,0.340131294,0.9871955498,0.6146180611,0.2120473266,2.6302719378
0.3597986337,0.257099234,0.5826900469,0.7837107517,0.55927924,2.2817532654
0.6989270416,0.5015718518,0.9589541645,0.4259159663,0.8068744182,2.885542672
0.5309439565,0.8244134076,0.370166077,0.2364888764,0.0983662102,2.9128787357
0.574869019,0.0471862319,0.1921602406,0.4652980713,0.1160850001,1.0120640897
0.3638475959,0.4832427171,0.5941283074,0.0007275669,0.5312643424,2.3128359406
0.7252233862,0.7124814941,0.3426814715,0.1547926657,0.6989563948,2.755836231
0.620701489,0.5240202143,0.3421407356,0.1716595264,0.0352102753,2.3529420351
0.5410350719,0.9344273449,0.6510340772,0.4322766592,0.213808971,3.6608036958
0.8572250681,0.7858575443,0.7801051713,0.0145529888,0.8840751965,3.4548809102
0.0332170608,0.3235154657,0.7333269364,0.6680920119,0.6175763167,2.3570109639
0.7505702793,0.6255122263,0.7604408856,0.2004356447,0.074887746,2.9543817167
0.6677012227,0.0825277274,0.7174088557,0.5134288906,0.3458989323,1.4345134466
0.6606717033,0.961277572,0.6522030102,0.9240414251,0.902078867,4.2694200946
0.5259124972,0.9600849694,0.3467278518,0.2194843821,0.6802182931,3.1264184386
0.817136413,0.8924927714,0.7582577826,0.6816876065,0.4276356646,4.2175368484
0.1105937972,0.1229980316,0.4286555839,0.1123233056,0.8614501327,1.3935727119
0.5122415281,0.29748047,0.3412556925,0.9172505133,0.9356278917,2.2177720368
0.7581077777,0.8688878922,0.1550143126,0.8058171566,0.1963690787,3.2587436832
0.0391030025,0.8789970481,0.688502209,0.4505545073,0.3340032534,3.1997610881
0.2163015574,0.1076208581,0.0990993197,0.6929670747,0.0755322461,1.4770852605
0.4185062072,0.6204077988,0.6569159122,0.8456338344,0.3019590874,3.3656674966
0.1172657795,0.2692626822,0.8284688224,0.507716256,0.9143404695,2.0767241344
0.875943525,0.1397167791,0.9460892077,0.2077171523,0.1069461859,1.5725358878
0.652689059,0.0392876463,0.4035329993,0.3471949354,0.8818452379,0.879662126
0.1499596226,0.430631412,0.6510740025,0.3864503989,0.2594893561,2.3331690084
0.2204101314,0.5427631005,0.482805575,0.9820178731,0.1352785262,3.2882539765
0.3142573035,0.8859069236,0.9342446334,0.5917863608,0.1528825131,4.117592522
0.0631199921,0.2942332306,0.3044466032,0.009186297,0.1177243921,1.8203056192
0.0611796277,0.1550939255,0.3249742256,0.5766803778,0.1189831046,1.6775515301
0.9985790418,0.4922773603,0.2556731582,0.3642971029,0.0693863195,2.3739559491
0.4516801317,0.8933026814,0.1621398292,0.4551263489,0.6820000422,2.7327531787
0.9494428476,0.8572389206,0.7906396813,0.6261507645,0.2169811486,4.2153184875
0.5245714358,0.3091734105,0.5026250638,0.2771390511,0.1944249035,1.9973249854
0.5858409107,0.7555528968,0.6160243631,0.2784443966,0.3494002766,3.0915489173
0.7507289983,0.9766853752,0.784838289,0.0349477336,0.3052968588,4.0480085846
0.1844151311,0.6620232146,0.6327442578,0.2955862731,0.9810824848,2.6795565971
0.3004311654,0.1013216386,0.1393078587,0.3124004852,0.6408217405,1.2627425044
0.3706266175,0.0736065302,0.2884371325,0.7047053378,0.2690757797,1.4221396281
0.2326430867,0.8744145702,0.9233921682,0.2549980704,0.0019836563,3.659343242
0.6347435373,0.8015103028,0.2794096994,0.393406278,0.7790784359,2.8365293498
0.8340733931,0.5285058084,0.904666689,0.9990840948,0.7741972599,3.844875065
0.5702972882,0.7801264001,0.7492118694,0.676672521,0.2323291509,3.7001962131
0.4862174143,0.7620921477,0.3536499189,0.8128273019,0.8021685951,3.0003139101
0.2813403308,0.6138784795,0.1725749325,0.7441033232,0.1210044981,2.544287777
0.7009198777,0.5738051876,0.3351632012,0.4850634593,0.0903460314,2.5753363892
0.2903966613,0.205754783,0.3280423481,0.9279593891,0.3167340856,2.3096565117
0.3035804667,0.8046827861,0.7817039448,0.9677406617,0.936012995,3.9472277262
0.2090584959,0.6816370364,0.8893198348,0.0500257935,0.3336603642,2.9499204784
0.443751069,0.7175126753,0.8370937761,0.1544735103,0.6619714906,3.1360758968
0.8696015808,0.2375975857,0.719892906,0.1454859294,0.8921020746,1.8367117908
0.4527130541,0.5286437348,0.1277643146,0.4703474622,0.352738501,2.2085850845
0.315378851,0.2408290952,0.7791958912,0.9811666131,0.887431588,2.6460521953
0.7641767222,0.2086890473,0.5817372326,0.6280572126,0.8608983955,1.8925282157
0.3705462457,0.552612382,0.7486153038,0.8270327782,0.5266256956,3.2267928157
0.6301332391,0.8913899974,0.8726568085,0.3539074282,0.6806407582,3.9610202626
0.5571349664,0.3613645977,0.3008495695,0.7118946388,0.0452289232,2.3080643086
0.6066257488,0.6874103555,0.6860577152,0.872544067,0.886508917,3.461707452
0.1046684221,0.3426292276,0.5180166846,0.7781140313,0.0536020873,2.4832102214
0.8439630689,0.2702461649,0.9156329702,0.7012710946,0.9818903231,2.3487153965
0.8749114519,0.7000152899,0.1569313242,0.8467824066,0.853495867,2.8236008246
0.3247165082,0.6074142461,0.2202530692,0.244507846,0.5344961339,2.3085110506
0.2745387414,0.0624247938,0.6037416477,0.5296480211,0.0864562371,1.2903855867
0.6144923803,0.0658188683,0.9344851521,0.0890033154,0.8405437623,1.0836513185
0.3694724995,0.6672512682,0.4356506923,0.2952027658,0.3755399792,2.6166174594
0.4513778389,0.4559109169,0.2697508808,0.2368802137,0.8399973467,2.1393882481
0.7993021952,0.6739666569,0.1972900589,0.2294622287,0.9293447242,2.5750999509
0.8599625358,0.7628336861,0.8021821021,0.9017111636,0.3483358521,4.3470069931
0.6994867993,0.6256858241,0.6589387397,0.8398826856,0.5122690101,3.4190353844
0.4185888891,0.6494027246,0.9338064187,0.5000416723,0.7950066049,3.2669644532
0.3479652717,0.0835793898,0.8438537417,0.5043762433,0.1417641272,1.4903295524
0.0018871832,0.1193683229,0.5040532753,0.2703141926,0.0894734359,1.4264379373
0.9202544035,0.1062571199,0.1410771306,0.0954036482,0.5472613159,1.2875026463
0.6304061136,0.5816202292,0.984450435,0.9328044658,0.5580424101,4.0186354065
0.0638502832,0.4334673937,0.8381538859,0.1238910763,0.7340340884,2.3025799458
0.1148470647,0.5205767041,0.2048450497,0.2898231007,0.1199609295,2.1356135729
0.2487149213,0.1370025303,0.7102147848,0.7808960504,0.0827836762,2.0784521287
0.9525495723,0.2181805363,0.1331662158,0.0342386812,0.2776697555,1.6461427017
0.5859790593,0.8909406876,0.9077528433,0.5956552185,0.0211710397,4.2928214146
0.4579278028,0.7062100656,0.2678833616,0.6828950073,0.8914643149,2.6230937397
0.6124036652,0.1104494224,0.0917221282,0.8206171484,0.2096812786,1.6310090348
0.4469982593,0.0299643145,0.7401371952,0.6232595679,0.3450847806,1.0769749595
0.2497695421,0.1312287396,0.4139126809,0.7900267481,0.7526232777,1.7257279668
0.6623551263,0.0827277675,0.9120929225,0.3149536583,0.5400653887,1.3254643175
0.8276002537,0.4657015395,0.0065891845,0.0003038896,0.8269315839,1.9252538354
0.3717460481,0.2712320222,0.1929768322,0.7738906455,0.0750147088,2.1061662804
0.4189719313,0.9249250516,0.6952635823,0.6704099886,0.8669677575,3.7103387916
0.9314332865,0.0732052699,0.3541449192,0.3235625727,0.6789253978,1.175206409
0.8293003491,0.0158890435,0.0192871802,0.0514439621,0.1311257894,0.3212863738
0.473806052,0.1504656288,0.9204396901,0.2561169281,0.8422860866,1.611503931
0.8919477484,0.9536954262,0.1718777292,0.828038509,0.229138908,3.6131314963
0.3584605183,0.3861773524,0.417218443,0.5493848512,0.7975334572,2.1558311322
0.9014835595,0.7979007333,0.470602822,0.1996741218,0.1963994941,3.1979891149
0.6664181524,0.3336114094,0.6962392777,0.7812488691,0.8245753476,2.4889520557
0.6663677425,0.5870376243,0.7432344775,0.3794890488,0.5623007331,2.88225449
0.6276920089,0.4011573724,0.5489504579,0.1118303747,0.8892783136,2.1852092227
0.2257479711,0.98056377,0.3437550887,0.3991058369,0.722862568,2.8996963165
0.275648322,0.0340667197,0.3784365111,0.5834879493,0.0867091154,0.9993893736
0.0862197906,0.1007913987,0.2570370063,0.9359626789,0.2328429217,1.9420918403
0.1284767862,0.7659837287,0.9143581006,0.1966825002,0.846855233,3.2196048518
0.4578203904,0.2635595633,0.9446407342,0.9209754227,0.9477359178,2.709031761
0.1683496621,0.5210245776,0.8144571555,0.4669778731,0.7240095525,2.6827634275
0.943994819,0.7257525283,0.5351223447,0.7991286537,0.6739128409,3.4782454847
0.5938402638,0.7970795317,0.5878086481,0.8381609973,0.010877338,3.7650611508
0.9820525553,0.6983017642,0.8718930681,0.1662171679,0.4330165877,3.398704873
0.7895814602,0.2083959067,0.4511177603,0.6609783287,0.9795774408,1.8020563583
0.8294825752,0.6322800086,0.1374845498,0.3117988638,0.557388019,2.4670542704
0.4780426272,0.7434461503,0.5861996673,0.311604437,0.8162656832,2.9552819865
0.1470213439,0.975302371,0.6599688404,0.1834257911,0.5500870245,3.2783452509
0.3215588608,0.4033767588,0.3213817729,0.9908047498,0.3192038215,2.8733633821
0.4078111928,0.0526957039,0.0764813903,0.9610675809,0.6119005762,1.4059545117
0.5217592032,0.6088844636,0.7553057247,0.243273068,0.4459301594,2.8325691065
0.695933318,0.4914184303,0.1833162264,0.5549112672,0.1175144291,2.3267152675
0.5099643748,0.2605894657,0.0755337097,0.1390671877,0.934574625,1.6638783302
0.4343230468,0.7903885716,0.8134492259,0.6116882248,0.1306096327,3.681983715
0.5178294503,0.4863050603,0.2899909657,0.9291441881,0.3465415859,2.8476208131
0.1825651792,0.6559814704,0.1654200591,0.5060945484,0.8363553251,2.260607681
0.1225776575,0.706399224,0.5327925503,0.3121261278,0.5040413511,2.6595268519
0.6448725227,0.3891914063,0.3327520846,0.1479845664,0.5038023288,2.0868166585
0.4256779456,0.2291662691,0.0931073963,0.7632168524,0.8190869389,1.7212419522
0.6055821318,0.1828843784,0.4585936943,0.7589535136,0.1259476892,2.0527567578
0.2303672472,0.223515379,0.7437178155,0.1997669805,0.4957737739,1.7920131662
0.4607034905,0.2723228668,0.9675456542,0.2904057526,0.3252106649,2.0972827143
0.328883695,0.7117305999,0.7745460274,0.453204561,0.3690150937,3.1657774566
0.7914794213,0.8175095974,0.5108132269,0.2000243552,0.9751727509,3.2057761467
0.4027093947,0.7064679642,0.8128540614,0.6519209351,0.8634212504,3.3420508059
0.3760831032,0.3153500115,0.0110681043,0.022590837,0.1942482602,1.633826622
0.4081820883,0.4403807868,0.8961012634,0.8263715245,0.77057222,3.0544380493
0.8473519678,0.461564671,0.057942295,0.3569471976,0.728808132,2.048756228
0.3466966716,0.6328739931,0.0062598609,0.3059399324,0.710971935,2.0084089262
0.9686700751,0.043222656,0.7342661333,0.0978557048,0.5496145515,0.8840219547
0.1346273222,0.8164297165,0.8767798927,0.9149355844,0.3969028578,4.2425486078
0.0165306411,0.64858232,0.0840983531,0.7977755198,0.3881748635,2.3705427335
0.9989404802,0.393235893,0.3063711689,0.5879319687,0.1792984183,2.3119062693
0.87681077,0.8500878268,0.6058766958,0.1819971618,0.287762376,3.4889981153
0.0808827612,0.9184818491,0.5490278255,0.1937217808,0.8963129991,2.9328773603
0.0080999115,0.3564252253,0.8621832926,0.5352528016,0.5943530663,2.3990962893
0.401969491,0.0395094976,0.4090391013,0.1180530116,0.9731623619,0.8621730956
0.3665084417,0.5061159285,0.5307421754,0.1956795098,0.6987568091,2.359490713
0.3905588058,0.9612497345,0.5373136657,0.9821669301,0.52534963,4.1219585854
0.3752012793,0.77819362,0.9356410347,0.7782176216,0.1837574397,4.1425010883
0.6162781389,0.7614140431,0.4981009597,0.19993821,0.7453408462,2.9547218199
0.8879017842,0.5665284703,0.9971777438,0.1464428403,0.0582285165,3.0334325011
0.1765622459,0.5725322585,0.7718487955,0.1815335352,0.8395222505,2.6064836054
0.7203777293,0.1789324558,0.8462126981,0.5061131637,0.3536747186,1.9211898703
0.4423109046,0.7077576453,0.642582149,0.6469126469,0.940951841,3.06393934
0.4615961856,0.2477388913,0.2841510077,0.6520163461,0.7837945665,1.8586469447
0.0374942599,0.9900489692,0.8226072465,0.1242281257,0.5885674891,3.5078831326
0.5501441769,0.3317137302,0.0408733867,0.4564193187,0.324934972,1.800092109
0.8850898179,0.8854818684,0.3245802822,0.3317066836,0.3649909487,3.2707828072
0.5152990154,0.1973001258,0.0753119483,0.7661263498,0.1305884055,1.8161644388
0.2318908959,0.3371251896,0.7277132701,0.2240328446,0.5026333928,2.0923455362
0.7229561773,0.2569441055,0.3441110947,0.7816506859,0.353637205,2.1885977988
0.6141628269,0.4283259909,0.5073273373,0.8089652893,0.4626803373,2.7106977886
0.6736218876,0.9786981076,0.3465054273,0.8074134912,0.9680753553,3.4686750188
0.9020236353,0.4082478015,0.8535822835,0.832738918,0.4988307904,3.1231451441
0.90783781,0.5638974272,0.5374098495,0.5300727005,0.9169671845,2.7211374202
0.9409460984,0.9146782332,0.5853637359,0.3396809252,0.8774913014,3.732389467
0.4134074608,0.3195345541,0.02742148,0.9318836494,0.6772793173,2.0558394036
0.0926558173,0.6400175837,0.0677596673,0.2536075362,0.7303133237,2.0749953883
0.9187799883,0.6348211113,0.3960611925,0.37652048,0.2486614992,2.7811296066
0.5198796834,0.7872906988,0.156214765,0.6713738365,0.8262472721,2.6527180699
0.784554946,0.7504226179,0.6966165351,0.1119370705,0.5082678704,3.2259219884
0.419720147,0.0326257576,0.7871814172,0.882369895,0.8734682882,1.3650535928
0.9622544902,0.8026572049,0.2641646995,0.6772008946,0.3747736881,3.2382754766
0.0828226216,0.1218548066,0.504554745,0.5353514599,0.9974254665,1.4523676875
0.5800152968,0.006403951,0.8652966765,0.6006543131,0.7798022211,0.3251263363
0.9478467114,0.9634522493,0.9873805104,0.2869219601,0.3451383617,4.7801852545
0.5394263784,0.2592016647,0.2207988296,0.9668256731,0.4484845942,2.4079591491
0.0814608682,0.2012386641,0.6100435616,0.6211479336,0.4965360952,1.9442518661
0.5634287139,0.3735255722,0.4986389356,0.2248903525,0.6012552599,2.1194013318
0.60810231,0.0635792417,0.3357657751,0.6157773619,0.554994642,1.2422134821
0.5771362605,0.1340904983,0.4412654147,0.9842278268,0.552543211,2.2339511391
0.390912463,0.0324833468,0.0390613521,0.699776836,0.0208863434,0.8793530058
0.0167098343,0.1623097216,0.3238332362,0.4889950196,0.8158411549,1.5611513328
0.0870858361,0.4382113477,0.6884899044,0.1479944214,0.3897628873,2.2454499259
0.8096027542,0.038959201,0.5297516771,0.203942846,0.3695419908,0.8748938751
0.236424597,0.9377179232,0.8703573812,0.0583355518,0.5940938208,3.631631408
0.5599061737,0.8248032012,0.5702563969,0.108725186,0.4518126005,3.1329096107
0.4813348083,0.5100786558,0.0544916578,0.867587833,0.091753152,2.4740040782
0.5662896712,0.502736998,0.0244335951,0.4738394516,0.3585816456,2.0336355489
0.7838562527,0.9036062292,0.0742210594,0.771702298,0.1516985733,3.1553518974
0.0954512272,0.5163160311,0.461849821,0.8564695667,0.2010666532,2.8574582884
0.435881075,0.7632595159,0.0002245882,0.7878169466,0.1740340779,2.4382504272
0.816760212,0.6812375602,0.7304715698,0.1677434898,0.4687927549,3.0958586894
0.0662447608,0.4420024732,0.730419683,0.5922869677,0.7789502956,2.4930037254
0.3977989606,0.3482284565,0.4487941742,0.4992176688,0.3121423621,2.150093722
0.84429723,0.7059395893,0.9081972032,0.3361987858,0.9892537228,3.4686113857
0.7478279313,0.3684757855,0.5980196733,0.9697165177,0.4205197466,3.0641028861
0.3932611218,0.712971356,0.9076154816,0.1266484365,0.9323799917,3.1765472214
0.5164789904,0.19189468,0.3042608965,0.9448758622,0.3638286856,2.2899278128
0.8255063598,0.6610486622,0.6089184985,0.6137238012,0.9072323118,3.0703237656
0.7978197916,0.9295832699,0.6355422044,0.2885957088,0.2570662962,3.7563581919
0.0838155092,0.5122963758,0.2691909745,0.3008200019,0.3171718428,2.1642671922
0.4633310754,0.8248927067,0.6341290083,0.6462363082,0.9567511003,3.3262571859
0.4232946194,0.5683783297,0.4492355315,0.6490439363,0.5095815097,2.6666031374
0.456409927,0.116900773,0.1688217816,0.6884612765,0.0819355,1.5699600822
0.509491785,0.1735054471,0.3391681991,0.4677673632,0.2520311435,1.6736942214
0.0698179919,0.9388283931,0.8362632603,0.9973842595,0.2556394215,4.6917424772
0.5178733687,0.9209942177,0.1255818533,0.3770330015,0.9370366107,2.7330184293
0.55712914,0.6447944171,0.6887147478,0.0493645023,0.3193167059,2.8064080452
0.8455215236,0.0898844688,0.568924272,0.3240149249,0.1239439787,1.3233806076
0.1867396478,0.0169295904,0.7882819423,0.9290447424,0.2549008466,1.4509983057
0.4205636955,0.1861415699,0.3436364422,0.8565716487,0.0502429055,2.1571690301
0.7379786731,0.5539239361,0.3323614832,0.7018843603,0.6865534866,2.6206953296
0.6919629285,0.1370243449,0.1327969744,0.6498383505,0.8114536691,1.4515268385
0.4364021199,0.8088939846,0.1869166922,0.2155487533,0.2655671488,2.6146209696
0.5399665346,0.5224012143,0.3950649756,0.8205314751,0.5110660803,2.771762612
0.0430746553,0.1244188484,0.2464240002,0.3002013091,0.9029764326,1.3763320032
0.9520214391,0.7744746841,0.8497373241,0.0455063828,0.9355782445,3.5772421287
0.8735281238,0.7896581371,0.000906555,0.0680208923,0.1443436975,2.4721663779
0.7705988176,0.4946123159,0.0623565875,0.1397085513,0.4652738532,2.1016410122
0.0852830028,0.1680344595,0.0726103813,0.7453247267,0.0624311315,1.7016287894
0.8917241101,0.1272808027,0.7859357838,0.5138856499,0.9966437288,1.5835968907
0.3846401549,0.3986268227,0.6475305804,0.8691775394,0.8658409992,2.6756242145
0.8775975404,0.6520455987,0.6160593666,0.2284183863,0.8305576805,2.9335653964
0.6023022749,0.8614589225,0.9593208039,0.3220134114,0.5559092269,4.0060204998
0.8524671316,0.7035175855,0.655903904,0.4103455942,0.5510353227,3.1996212744
