A,B,C,D,E,Y
0.920573718,0.32686065,0.527806687,0.203112673,0.994425583,1.306219047
0.484593478,0.108276374,0.388172236,0.465688748,0.173284331,1.358121965
0.827789315,0.865966716,0.930056145,0.558215376,0.152118507,2.30261753
0.205888925,0.216347297,0.87890196,0.329862529,0.244587021,0.734087551
0.06683937,0.429225168,0.497778675,0.009710086,0.271563592,0.806972537
0.987807562,0.285353529,0.062416841,0.159310379,0.777509987,1.459325644
0.28560287,0.566804553,0.936043101,0.687447352,0.92673889,0.561149842
0.744210712,0.833316284,0.752797296,0.8927774,0.21718395,2.755650978
0.819360851,0.71584256,0.358435383,0.91015233,0.007432478,3.103846574
0.337471448,0.76489676,0.750267872,0.788289515,0.39381573,1.48691726
0.708615345,0.19134724,0.034999446,0.157101292,0.26606207,1.528158263
0.73207291,0.168687489,0.243860382,0.585100611,0.21105729,1.650060811
0.159664597,0.348069558,0.395094373,0.999954823,0.239032116,1.978212274
0.181120493,0.039508517,0.678547624,0.126530098,0.426662535,0.680758013
0.172077762,0.421443905,0.569297082,0.765763858,0.081618714,1.390795976
0.709942069,0.31767309,0.370414407,0.412495693,0.984860156,1.142893993
0.520686826,0.373753103,0.455830398,0.972640039,0.631614691,2.01273323
0.320297675,0.638136997,0.582656609,0.827342445,0.007832249,1.918725063
0.217278582,0.467829652,0.656800868,0.081556446,0.303964181,0.95762171
0.708632998,0.648833129,0.771293671,0.090917687,0.076965731,1.996573472
0.216147144,0.182339616,0.596925956,0.61559054,0.791586287,0.623647702
0.130596585,0.330469529,0.763624073,0.628069243,0.572424092,0.596567496
0.772177366,0.754773397,0.405048944,0.748294906,0.305053899,2.409351477
0.500566443,0.96718251,0.978241308,0.129851886,0.907104433,1.118755364
0.069435818,0.619980727,0.274092644,0.747488405,0.186966518,1.174689118
0.561704904,0.982370746,0.7939566,0.168336954,0.533199562,1.742660892
0.530868355,0.536457868,0.850797526,0.435126253,0.012880523,1.617687856
0.534203796,0.803839536,0.144058439,0.929724215,0.169997106,2.663570389
0.953673331,0.715594437,0.031788073,0.377840811,0.650246388,2.103985686
0.294689574,0.778861701,0.258714614,0.038391604,0.612220698,1.084944621
0.722767653,0.499534824,0.217800926,0.606737267,0.263172055,1.913900638
0.914190088,0.520297281,0.54107361,0.852506937,0.079451073,2.661130856
0.907680773,0.360028261,0.840979869,0.13593683,0.846952793,1.200333233
0.033904827,0.023758157,0.451876221,0.642896743,0.501052076,0.660820545
0.173639099,0.43003675,0.901199635,0.519771691,0.557891044,0.485056266
0.319675388,0.423097484,0.186694075,0.63362145,0.901471312,0.86428119
0.985326897,0.984594476,0.906224505,0.115069916,0.304796034,2.616561536
0.468406859,0.036133033,0.74415522,0.642163005,0.418180687,1.032430241
0.974867046,0.65999685,0.672390801,0.680904919,0.042565698,2.60463279
0.448137828,0.484784307,0.639990518,0.119779576,0.910588365,0.899478908
0.031145315,0.75855455,0.11653246,0.666253014,0.150187666,1.048608808
0.522583826,0.618378804,0.952518108,0.105001461,0.227556296,1.31851363
0.229867063,0.199808565,0.403590047,0.341743097,0.110288347,1.159822428
0.109869117,0.39750719,0.70990266,0.611554847,0.145587937,0.979818523
0.795975243,0.926618801,0.609510001,0.313771414,0.977961071,1.987553269
0.778370904,0.688133117,0.328128595,0.773596357,0.625857941,2.113292097
0.953147104,0.202345738,0.140857605,0.136299269,0.536789624,1.507373652
0.655256545,0.475583077,0.654988848,0.856849461,0.513515421,1.879006533
0.097672829,0.649296936,0.033490051,0.622666634,0.349753922,0.944110202
0.588987649,0.233882788,0.310933145,0.078812071,0.645188013,1.128808492
0.921348357,0.156746182,0.974360643,0.579427691,0.533631266,1.090917724
0.335044696,0.157156432,0.984955289,0.172515314,0.749660482,0.31516109
0.875886313,0.230899428,0.170052561,0.732291,0.992058887,1.419538527
0.78058787,0.122805153,0.419227581,0.196042521,0.043027396,1.73752926
0.754206623,0.016745251,0.090900936,0.826072659,0.240706362,1.844748471
0.18933259,0.486378191,0.358536395,0.762909489,0.057451974,1.498900286
0.447508523,0.197007396,0.466114925,0.509591985,0.119971796,1.418403299
0.843094333,0.680840263,0.643715724,0.915852028,0.073003834,2.961995937
0.719987545,0.106609082,0.642848182,0.995695071,0.88660719,1.918319506
0.739038884,0.301371577,0.849464221,0.674624876,0.514853527,1.327258556
0.602034641,0.888812699,0.173061149,0.6606448,0.175284564,2.329314168
0.004714966,0.745384804,0.685793329,0.301042433,0.48262492,0.455491463
0.222448204,0.098839324,0.944241528,0.833374244,0.838973728,0.588423157
0.415293556,0.114203749,0.861917296,0.359581285,0.490289271,0.740343767
0.043704813,0.315861654,0.689669215,0.735242988,0.511235261,0.692870006
0.359332201,0.719948664,0.045696419,0.179445365,0.807684566,1.054275546
0.053094538,0.000965304,0.695054038,0.273772757,0.706960961,0.331450331
0.184731101,0.785607362,0.42666114,0.998190882,0.444737904,1.95985041
0.957605253,0.970907641,0.017948676,0.956112356,0.902695883,3.240699637
0.733949862,0.106418697,0.001263593,0.685666171,0.462814159,1.464196422
0.325691575,0.57674959,0.364470329,0.445395669,0.027209191,1.551128997
0.775623,0.043494265,0.882002493,0.626415835,0.709955379,0.929458594
0.629606274,0.967695619,0.425141483,0.694367082,0.774566403,2.045265277
0.562291348,0.137013155,0.515892348,0.456849521,0.4294954,1.191205198
0.170760031,0.348043325,0.18230414,0.156378741,0.834554683,0.557299931
0.436756101,0.254006911,0.630403382,0.777986051,0.927807925,1.022832594
0.188486917,0.85232573,0.851734809,0.601546313,0.676187956,0.677338091
0.718672528,0.965141603,0.938126925,0.723645899,0.197282576,2.369134483
0.978778308,0.177315974,0.911815615,0.74652767,0.817485931,1.222806571
0.591467792,0.530970483,0.73953637,0.566105424,0.042088165,1.81842224
0.739283644,0.819351096,0.750271042,0.805835756,0.703848877,2.107486451
0.676886283,0.123824366,0.362147184,0.020877485,0.402557438,1.318211952
0.355063859,0.853882903,0.671914029,0.16231324,0.141889458,1.575518403
0.83967377,0.567347254,0.118910085,0.303757293,0.311904614,2.013172759
0.950520951,0.453034636,0.00356457,0.873320134,0.436376805,2.377410677
0.162647596,0.708104114,0.840065017,0.917683864,0.502392992,1.276724837
0.596661307,0.168420438,0.677343268,0.294134826,0.639302254,0.999316999
0.374102543,0.991463709,0.60348159,0.940844422,0.047280562,2.609291584
0.622064021,0.894514601,0.574482454,0.769439778,0.111207522,2.530380667
0.351358073,0.992811895,0.783560622,0.961787851,0.279236881,2.29702281
0.212971812,0.61648564,0.670535494,0.532681655,0.79873413,0.671707901
0.260141117,0.53655247,0.550199716,0.894163947,0.249534234,1.721506888
0.896245148,0.201412986,0.025701365,0.879840644,0.012101576,2.470401951
0.255936113,0.594801961,0.938758657,0.888697876,0.300131597,1.357953379
0.602589896,0.071600735,0.433394071,0.805536267,0.079810381,1.850794592
0.567668489,0.255870693,0.602726286,0.880883707,0.930758948,1.428620063
0.574319365,0.587151365,0.722991432,0.508082884,0.683158181,1.284009559
0.044806322,0.477103313,0.16123339,0.827307343,0.786996858,0.802690406
0.807720669,0.883698635,0.411469437,0.228674947,0.011677665,2.723496572
0.399358742,0.627618393,0.134138967,0.31864717,0.898138613,1.016063117
0.202586417,0.387308785,0.746383659,0.086328693,0.054726836,1.090505619
0.665970186,0.316737839,0.453349318,0.490025703,0.367655151,1.503319039
0.93911599,0.656569572,0.674759891,0.687520973,0.195912665,2.414398908
0.880499738,0.324176615,0.802891482,0.258968869,0.085666585,1.781314895
0.38272883,0.816738407,0.336276999,0.16561087,0.338550385,1.512719437
0.123521345,0.593414118,0.723832632,0.816789893,0.730091345,0.829301317
0.756411257,0.041413073,0.555820738,0.995106811,0.250318817,2.398546341
0.303915379,0.275620763,0.510361718,0.738249089,0.100305214,1.479814534
0.13541859,0.936341638,0.178354495,0.727869243,0.888158558,0.837658798
0.165001904,0.252475526,0.397528198,0.529572121,0.434846136,0.831256453
0.843931817,0.951987152,0.362830508,0.92762068,0.22763375,3.390445083
0.497919946,0.864201972,0.002988639,0.824719182,0.202861694,2.314803484
0.647292444,0.865375695,0.078759407,0.505466957,0.341221327,2.137144765
0.711485266,0.9692779,0.823337088,0.662268683,0.550798297,2.126411076
0.854816594,0.193480439,0.546164938,0.453705469,0.099225968,1.791662025
0.651507189,0.850343705,0.115013679,0.331474636,0.267268474,2.162048744
0.584588728,0.600287535,0.1935901,0.980648795,0.721854865,2.293994971
0.25243082,0.009271888,0.946700292,0.363000577,0.553047878,0.380136527
0.412541481,0.945036936,0.218809809,0.089976851,0.525342343,1.548626291
0.267278795,0.758475907,0.45871798,0.328790538,0.351028533,1.208373228
0.745311322,0.901187601,0.102208228,0.880764227,0.878447899,2.494418533
0.628743304,0.191506333,0.034340147,0.32295049,0.450185262,1.293727714
0.584981254,0.121077986,0.427512037,0.082449499,0.868014489,0.906241451
0.150561396,0.61230594,0.357372145,0.494294572,0.824644299,0.620462553
0.550301335,0.32161097,0.379658216,0.735278669,0.050893298,1.875013869
0.959468798,0.436325799,0.490939257,0.153556441,0.177460803,2.062387276
0.486122179,0.968023208,0.529150085,0.990457786,0.866822791,2.444505987
0.278064844,0.59399798,0.973058453,0.213021219,0.962447857,0.336490357
0.212713428,0.444356147,0.237654354,0.151553577,0.285840623,1.049410997
0.887130959,0.958428106,0.428686641,0.200048208,0.701711419,2.399599557
0.971024433,0.659301506,0.638525827,0.545828041,0.671254912,1.976659778
0.895918438,0.495619997,0.530369359,0.502009173,0.918435933,1.54909189
0.092405396,0.166547761,0.801352279,0.564418228,0.066090483,0.901082353
0.921208293,0.209601037,0.21391849,0.981765242,0.344154363,2.561889898
0.573591795,0.412244667,0.289816754,0.964265239,0.697299267,2.046987493
0.807125308,0.732999613,0.533585234,0.535442083,0.666438252,1.924459021
0.907280196,0.804377847,0.518270749,0.009823418,0.6635353,2.144474931
0.623722218,0.326164677,0.350701477,0.281193949,0.5175911,1.327665178
0.451458736,0.728274639,0.136032237,0.399372798,0.084732501,1.829211048
0.285723032,0.212069776,0.918508032,0.115160456,0.373265819,0.656344608
0.676443189,0.712151437,0.938879853,0.277790117,0.809814819,1.244232477
0.665187446,0.060669074,0.264287072,0.310261417,0.202661537,1.45631602
0.586671718,0.195452631,0.079295793,0.60256505,0.591771607,1.221339535
0.411751933,0.037495072,0.821639975,0.858295332,0.843463362,0.974299729
0.215297235,0.513199264,0.351490388,0.878783021,0.945636117,1.135579015
0.533023559,0.975625318,0.016664086,0.537485877,0.922217494,1.665918899
0.65009161,0.136502119,0.291040377,0.505419859,0.950806629,0.983030464
0.9393828,0.668886821,0.364025883,0.07979138,0.539833312,2.0740677
0.930880979,0.28692255,0.587275488,0.228618271,0.934810385,1.277623942
0.222623651,0.143822877,0.620825006,0.550584794,0.143241301,1.089907076
0.526726105,0.920140216,0.118149069,0.276176317,0.692841339,1.663316999
0.632685692,0.977224805,0.626042837,0.074050232,0.540519901,2.001955126
0.325623034,0.591540727,0.663493748,0.927257115,0.073397073,2.094864473
0.470100903,0.774186132,0.421172305,0.797846211,0.091029422,2.199248984
0.266503454,0.684843583,0.898884399,0.23793799,0.759088172,0.573537972
0.084965131,0.476319679,0.600554379,0.444155995,0.209752564,0.882858849
0.053823826,0.762950538,0.470120167,0.619640529,0.790496385,0.523708312
0.23616627,0.147679282,0.443085024,0.636649633,0.885613077,0.647375382
0.011995236,0.049736091,0.361497041,0.503580852,0.112981405,0.923962154
0.251385796,0.257893634,0.81950878,0.878058574,0.408003985,1.239917997
0.314969393,0.606747367,0.536820747,0.088984908,0.085644581,1.44162445
0.357247927,0.346130199,0.578926813,0.273317468,0.029262567,1.410957303
0.087385961,0.3932351,0.724517721,0.009675507,0.954518142,0.252860257
0.529570625,0.03076862,0.78764732,0.234221927,0.510634113,0.864866157
0.08224686,0.009782617,0.425917218,0.991618213,0.634858739,1.463951874
0.767439865,0.42804652,0.008331453,0.237076042,0.126642956,1.940005998
0.705954579,0.661729477,0.751058893,0.743020583,0.248727708,2.085209775
0.419213771,0.069808017,0.30861217,0.897503339,0.123393046,1.891514926
0.158153324,0.936708402,0.589752379,0.176109954,0.933045712,0.610139729
0.867439489,0.834964716,0.186124866,0.261958991,0.673181651,2.171327549
0.67446106,0.062171973,0.022633231,0.219692811,0.662122194,1.085271377
0.811958738,0.415196978,0.057369007,0.405299059,0.06545513,2.044668167
0.144379341,0.862058756,0.781893957,0.126893541,0.527772929,0.675933403
0.305667728,0.871195728,0.318426485,0.184684847,0.346676537,1.380806432
0.513479464,0.484647339,0.837635704,0.899786244,0.968555245,1.403040454
0.143535719,0.189657274,0.977972282,0.65533656,0.961062001,0.125477632
0.334075056,0.572718018,0.961489788,0.623302025,0.524981248,0.796192162
0.14453374,0.898227063,0.877844477,0.089162006,0.138687995,0.93331698
0.011173191,0.729843607,0.246433075,0.815471519,0.464613639,0.948115894
0.761113151,0.362810485,0.184998859,0.880743769,0.22351154,2.300907453
0.736380541,0.762459364,0.49235439,0.149020796,0.097756735,2.313013862
0.732665893,0.409923271,0.003664547,0.330842239,0.973004566,1.261705585
0.925194316,0.321086127,0.945599615,0.40203012,0.445630274,1.319536275
0.829863839,0.825824188,0.011814506,0.706695334,0.968176524,2.113411019
0.703978413,0.078940094,0.039601218,0.032933324,0.761619318,1.058389699
0.398002935,0.485970585,0.084263455,0.880670137,0.524507027,1.678654127
0.499672255,0.294034782,0.656594961,0.563028178,0.327070541,1.292113753
0.882618166,0.872456563,0.481319421,0.939856654,0.390050924,3.183420251
0.258575287,0.553856036,0.2409754,0.879239887,0.099477021,1.869532036
0.690829351,0.573006288,0.428646398,0.800965004,0.205373451,2.2403855
0.094802608,0.013081659,0.614639323,0.226561697,0.230783633,0.79921748
0.205060502,0.0471435,0.543915002,0.937688789,0.029617153,1.865329896
0.102554323,0.918293989,0.138357471,0.493081002,0.243357255,1.04674916
0.566566843,0.502147316,0.308113411,0.74869879,0.428815738,1.713253743
0.542183823,0.210867571,0.005566259,0.719255771,0.255530358,1.579523703
0.500006292,0.169479012,0.531716462,0.092277602,0.642230403,0.9618659
0.183530496,0.456042403,0.845258526,0.520236999,0.864173199,0.383106081
0.33696907,0.405552439,0.244047757,0.11576851,0.447365906,1.074501815
0.016553532,0.339029561,0.306859501,0.807971039,0.473467859,0.922139426
0.596542926,0.708814878,0.266080666,0.033860469,0.878128962,1.433328231
0.326139187,0.803373227,0.771444905,0.265009336,0.833178635,0.862651363
0.229142434,0.289897002,0.166505358,0.15473244,0.84823526,0.613086164
0.656019933,0.079675945,0.859865033,0.101202932,0.014145153,1.38531717
0.180261068,0.727787595,0.853318122,0.610859632,0.043557738,1.159143428
0.486077486,0.157505542,0.906550064,0.185678909,0.360438565,0.882353363
0.378222292,0.705883647,0.594253132,0.008394004,0.403485732,1.303369465
0.633845145,0.397573356,0.790604846,0.667832608,0.229195581,1.599896127
0.757374904,0.612165647,0.932339817,0.979285794,0.184844003,2.630406087
0.155732171,0.061675291,0.958345642,0.783808056,0.547769834,0.569029523
0.81375751,0.100761072,0.332502378,0.872209444,0.111316602,2.191748051
0.985356966,0.420372927,0.722679722,0.557453124,0.107206705,2.082706841
0.905577987,0.2521099,0.992813829,0.597054838,0.062731593,1.577899597
0.583390568,0.784785844,0.200073216,0.078818433,0.276799643,1.936705282
0.069282157,0.910710253,0.727015515,0.248323619,0.170599416,0.867623005
0.796393078,0.868951119,0.052869181,0.469922356,0.911360174,2.005594168
0.229750008,0.673009043,0.119104847,0.582388699,0.772237497,0.865056862
0.706816319,0.811505425,0.285952498,0.720751424,0.686738517,2.057306597
0.003674148,0.816931192,0.182140307,0.940863437,0.538786719,1.252978179
0.673993611,0.970700158,0.248361215,0.76493231,0.868847784,2.206721682
0.503248441,0.858763953,0.105472068,0.86963292,0.844910066,1.947190025
0.228885588,0.432874904,0.867679631,0.415513207,0.125079888,0.967481218
0.661556421,0.955601186,0.27576565,0.306445476,0.69697021,1.994813309
0.44367294,0.023840503,0.325125935,0.430692847,0.981679265,0.695062379
0.906283825,0.200360875,0.972590497,0.946983762,0.167342552,2.142620877
0.811943169,0.670442223,0.035122882,0.014808614,0.706794235,1.810008488
0.184339518,0.31937941,0.808072966,0.712810735,0.063265795,1.167383896
0.93525123,0.152795859,0.50132378,0.215944683,0.268043808,1.644851355
0.994824144,0.898374025,0.170034761,0.34099663,0.727252525,2.442238325
0.157254299,0.449334264,0.693260094,0.774015712,0.165421662,1.246039987
0.815455171,0.902133801,0.613215257,0.387688173,0.533454762,2.245378304
0.66592252,0.445725275,0.508528643,0.553075819,0.654631069,1.408467425
0.332356456,0.946674056,0.319767031,0.059571678,0.576432189,1.315552187
0.607262823,0.181499956,0.153310794,0.893516631,0.039492012,2.213961629
0.461304898,0.775802573,0.169449279,0.603288413,0.686773122,1.450540345
0.821919941,0.008549213,0.77077455,0.991140504,0.893856322,1.810586649
0.608362828,0.71704249,0.023197978,0.134809364,0.69427966,1.570012133
0.583700598,0.855978586,0.156007713,0.554702538,0.985377657,1.59398433
0.808562979,0.326451107,0.998819643,0.755182078,0.632165729,1.230878371
0.854026639,0.831049343,0.858668581,0.26446413,0.078139887,2.394412265
0.613072669,0.024158975,0.503395031,0.184031806,0.314923335,1.252818907
0.429055869,0.151302683,0.833078237,0.643174798,0.213817155,1.152095569
0.555005854,0.879863822,0.958794295,0.915222263,0.643178735,1.951718753
0.650141101,0.243586154,0.450289552,0.77498819,0.36369853,1.682856943
0.831468822,0.283634825,0.927173477,0.351710849,0.018311704,1.621024056
0.703857878,0.597474268,0.20675965,0.008969434,0.896978763,1.460497056
0.124517693,0.188101814,0.255522377,0.379329868,0.393829892,0.78096528
0.937702401,0.913285419,0.836095528,0.531213409,0.113903398,2.703791341
0.484095183,0.952252703,0.653262756,0.952221679,0.422309204,2.500435204
0.16709178,0.025167476,0.91474769,0.669964593,0.668580804,0.391354956
0.418914713,0.96234725,0.815951208,0.44273827,0.340763831,1.540143915
0.040560619,0.19701237,0.649634357,0.903737887,0.20825555,1.3591992
0.200118702,0.090593163,0.114994443,0.265095454,0.015159082,1.203699081
0.696324131,0.995215441,0.649027804,0.4211955,0.586654859,2.13354358
0.03349335,0.23722432,0.055145178,0.76774325,0.125075757,1.18475524
0.613070663,0.724292393,0.518127213,0.005786761,0.716632941,1.536530272
0.199102731,0.359322663,0.480270703,0.304733348,0.237396735,1.026414298
0.673000586,0.066057321,0.139711219,0.294844412,0.51912103,1.190917813
0.893097405,0.451394342,0.297853768,0.772342604,0.997409815,1.73383152
0.667215871,0.571463448,0.514726381,0.512396933,0.561241753,1.587338627
0.756423819,0.615867908,0.600719069,0.448246326,0.715667874,1.610037295
0.559461519,0.370858761,0.500782569,0.529275457,0.465114879,1.3450252
0.953596084,0.664315703,0.212022665,0.048240713,0.92906907,1.853481657
0.998899465,0.010221666,0.655987914,0.485491925,0.05807182,1.727312508
0.078759897,0.874284228,0.45670185,0.41617348,0.238393054,0.945438679
0.357076643,0.47667781,0.190227619,0.756556446,0.877402551,1.105093702
0.561950374,0.903507585,0.683680821,0.221612653,0.391920056,1.835428376
0.148022903,0.686451627,0.887032561,0.2908809,0.459776626,0.571273734
0.274248935,0.173130028,0.526639184,0.283933013,0.862980059,0.58785555
0.215563201,0.484143385,0.838018277,0.190059604,0.663083475,0.530320773
0.805359619,0.812943632,0.570756818,0.448988617,0.300894105,2.299222042
0.184175856,0.174959197,0.917133532,0.378459382,0.738632316,0.264215732
0.694599534,0.156759012,0.891668933,0.536947927,0.009700165,1.483873713
0.085817356,0.773710638,0.256353237,0.643009537,0.654369173,0.718966315
0.726126633,0.307773913,0.609761279,0.369352685,0.560301813,1.333616038
0.850414504,0.355266675,0.472200892,0.023421579,0.501546636,1.584049078
0.042133038,0.421915189,0.362545447,0.855969071,0.848055457,0.825055982
0.105490042,0.082226869,0.362849082,0.646355658,0.706740148,0.609847913
0.001770496,0.986099685,0.220947211,0.018507155,0.225111342,0.78217057
0.961432136,0.817114429,0.096290593,0.208487467,0.065727013,2.791190991
0.344793287,0.296469239,0.678020477,0.705433962,0.32224861,1.213984328
0.473000175,0.238869638,0.906548346,0.198020476,0.391558782,0.88695822
0.283589762,0.68234945,0.265554315,0.948434414,0.781217072,1.665133513
0.552105035,0.209830646,0.500502672,0.459089305,0.047597617,1.58855011
0.361893695,0.20592043,0.342097833,0.853982028,0.721547007,1.264489844
0.907104164,0.661041211,0.105649361,0.191129038,0.791363071,1.866680622
0.183346636,0.041310719,0.811835927,0.006636452,0.022853083,0.957719031
0.857896787,0.279451107,0.569539071,0.108584814,0.893721971,1.234995076
0.623880998,0.955395395,0.207851565,0.567814392,0.492942562,2.120258878
0.3207413,0.841328154,0.831576397,0.860034043,0.415421216,1.578984028
0.902722927,0.248989149,0.416332621,0.920185448,0.477298593,2.207646823
0.622211436,0.752439862,0.221230072,0.664139125,0.895433062,1.650818256
0.648006603,0.661089884,0.233793153,0.976777067,0.584972717,2.530501689
0.116047283,0.958450649,0.202981508,0.547709699,0.120918502,1.230040295
0.220032312,0.445523494,0.950017653,0.162818148,0.197318473,0.765713648
0.939912564,0.223116038,0.330984335,0.579864129,0.833131845,1.386765476
0.380675544,0.694434318,0.834127193,0.006400215,0.969526414,0.763118007
0.394747619,0.641922189,0.388980544,0.343644898,0.418344223,1.328575684
0.437525221,0.127623695,0.951779256,0.780113309,0.029015142,1.358285847
0.389177204,0.577740006,0.379991655,0.894284829,0.914566718,1.514396292
0.349983099,0.195363815,0.001970196,0.028201989,0.88161162,0.70963405
0.925663947,0.418548807,0.700058278,0.581525572,0.53530572,1.673686039
0.868912372,0.521621031,0.716238811,0.941225146,0.661822253,2.316927135
0.720304058,0.094607629,0.203643919,0.290205844,0.875020776,1.02234751
0.758710445,0.948049718,0.219696598,0.727675978,0.189403373,2.791159457
0.025747183,0.00307253,0.876919898,0.853207255,0.606689964,0.654784872
0.384012214,0.155269653,0.094611183,0.305629939,0.161343309,1.28024236
0.791594337,0.520150666,0.00229367,0.84082231,0.883644579,1.908922683
0.365529114,0.631818852,0.681002516,0.224876454,0.190725974,1.378865033
0.474811695,0.87043556,0.79665066,0.028198797,0.120704541,1.776857972
0.073135905,0.069125758,0.04264248,0.719714676,0.612918253,0.725229421
0.601856192,0.967513326,0.513559028,0.082617662,0.428668319,2.051041917
0.465637611,0.706455736,0.636633683,0.49365289,0.862679462,1.160679817
0.894518957,0.65532668,0.85699699,0.513402055,0.973780768,1.529436125
0.453006726,0.937528136,0.423063342,0.322809517,0.727280173,1.483795515
0.310614521,0.633235291,0.317125835,0.066498237,0.072813328,1.498003322
0.754633298,0.650920953,0.727530854,0.365182868,0.86081434,1.486373539
0.707235709,0.376451399,0.632326543,0.17912412,0.418242415,1.472592052
0.506401064,0.669792675,0.186040085,0.917498051,0.276428983,2.327645899
0.825471153,0.731244907,0.366414067,0.654239873,0.438422482,2.225336392
0.219301293,0.154410036,0.020693255,0.378616203,0.148537617,1.114196934
0.393132871,0.304536006,0.44817492,0.362952975,0.612695111,0.959632921
0.890874583,0.094931159,0.559595014,0.951903004,0.943952863,1.850957908
0.98824248,0.984974492,0.373601732,0.976607361,0.697085258,3.512220292
0.092071493,0.270778131,0.028321219,0.808292666,0.583994448,0.93999001
0.597896821,0.026794452,0.937886565,0.465654805,0.319729015,0.928259256
0.414673974,0.517089205,0.563324667,0.927460642,0.641483231,1.746109117
0.487768666,0.491401653,0.114450593,0.413939156,0.830270066,1.097513891
0.374335324,0.370355513,0.852877853,0.740029498,0.506877864,1.030899329
0.082594994,0.094200089,0.64974757,0.893292423,0.749662883,0.936715269
0.014388134,0.827097158,0.959974513,0.490524783,0.408154259,0.278979948
0.386615156,0.711319434,0.158710263,0.550961025,0.974830438,1.067573445
0.875690686,0.635580278,0.547649697,0.039876009,0.249830387,2.160648817
0.78766557,0.945594338,0.593123493,0.607412702,0.722462921,2.227464671
0.732601682,0.660481043,0.822123217,0.57480775,0.802694096,1.471985804
0.88220055,0.722030394,0.404845427,0.639011541,0.587376784,2.154671987
0.630213748,0.940889766,0.647045983,0.836287914,0.624287094,2.278562393
0.297944746,0.926647947,0.470245832,0.652638372,0.707097317,1.226730524
0.365819278,0.56417444,0.956449872,0.823573062,0.639770683,1.052956983
0.072489723,0.293693081,0.041772103,0.170375596,0.362644941,0.749750959
0.316209288,0.133591383,0.190516538,0.209711424,0.867729908,0.654939116
0.502594516,0.738174365,0.7142655,0.88225361,0.816805326,1.741628012
0.087657135,0.009776966,0.128016372,0.041210016,0.869981822,0.386905984
0.312380225,0.418573716,0.798515011,0.01402918,0.17035133,1.101858195
0.938231985,0.348982145,0.646195948,0.865295013,0.155881572,2.387868446
0.02349996,0.948736757,0.424309439,0.57423163,0.630001915,0.548901112
0.040373075,0.329045628,0.974314543,0.892649516,0.271578863,0.940024322
0.741720938,0.471538188,0.647841427,0.853974302,0.161421007,2.28990662
0.510687896,0.630361666,0.0904209,0.798428669,0.072075241,2.170556171
0.311448986,0.495074993,0.005871812,0.48215746,0.501569457,1.065456729
0.051372559,0.988558147,0.538305202,0.696466962,0.388985747,0.889690258
0.20846057,0.929466578,0.40568977,0.872385555,0.944140733,1.278906742
0.257363618,0.182614939,0.630576354,0.271145876,0.893327474,0.515942809
0.858884852,0.772675003,0.72235683,0.023639942,0.182667183,2.325831868
0.174710745,0.896060893,0.415963201,0.639383678,0.271849406,1.252437227
0.282032679,0.146585336,0.758158584,0.10584725,0.5368035,0.670993612
0.322167831,0.877982161,0.828284725,0.228515729,0.918663473,0.810918368
0.113423231,0.647038728,0.504604212,0.318275744,0.378830415,0.82549263
0.04424641,0.72488556,0.72518017,0.786947272,0.574172885,0.739585009
0.776623825,0.984261853,0.20918176,0.464038594,0.340076774,2.56844054
0.454070588,0.775859944,0.324947959,0.1915321,0.577253544,1.426921787
0.014909924,0.589416545,0.329246598,0.565390007,0.487378305,0.626652698
0.707341264,0.485142765,0.06423684,0.265674825,0.992723466,1.29835812
0.009554121,0.191165806,0.059626557,0.277712143,0.416314578,0.619391035
0.63763913,0.528637963,0.711693876,0.008484061,0.915347295,1.160752953
0.774960994,0.227584534,0.494552045,0.963314799,0.429457208,2.273421446
0.447063337,0.197484846,0.478577203,0.067850542,0.737289354,0.873092087
0.331023763,0.704284699,0.099127702,0.848851612,0.558003728,1.591475884
0.250221348,0.091603164,0.437647588,0.894829733,0.249425246,1.582429902
0.852704558,0.265966732,0.800911726,0.60784904,0.75932325,1.226040588
0.766257775,0.476052989,0.250051213,0.761571646,0.208249197,2.16518313
0.892464538,0.173662676,0.890316094,0.616785646,0.254256013,1.468588366
0.256050282,0.497312092,0.538328093,0.028896018,0.784716457,0.719333303
0.61628957,0.717947285,0.724258918,0.352773197,0.919259554,1.330516155
0.497880424,0.506048427,0.688517544,0.433911301,0.236098229,1.465445892
0.009367561,0.578101142,0.355602583,0.35812231,0.461299992,0.583461699
0.102788677,0.142471356,0.677361331,0.299140425,0.852639397,0.324845079
0.308415928,0.77083578,0.16751858,0.369002102,0.518490255,1.186058254
0.855680339,0.603733023,0.829742865,0.695186821,0.549221138,1.815527675
0.088938163,0.124331295,0.742554582,0.739453929,0.452010713,0.749911344
0.680214099,0.845152963,0.347497753,0.280549939,0.334114476,2.136670773
0.406172476,0.211985792,0.658809375,0.040427718,0.875939714,0.691289474
0.111280476,0.630867795,0.362954062,0.138113281,0.107311142,1.093176002
0.921496465,0.889169068,0.742593477,0.958382733,0.021565569,3.576721365
0.064954968,0.113275619,0.766129013,0.111767363,0.781885948,0.251555825
0.653549091,0.963827632,0.651195151,0.313044109,0.988044136,1.751929
0.078083656,0.726542631,0.811975226,0.938197668,0.877542002,0.973434843
0.261250015,0.627965383,0.818897951,0.780835137,0.690797399,0.959204345
0.240038287,0.951244063,0.300120201,0.931285275,0.871772819,1.609672822
0.420470995,0.88286216,0.270376983,0.78418315,0.086993019,2.194024765
0.162670319,0.172208683,0.919663442,0.221621177,0.941466892,0.120175315
0.414819679,0.614234945,0.410995522,0.156169416,0.996756059,0.970519423
0.864116846,0.397247652,0.19216442,0.593669211,0.296285829,1.916598861
0.956792972,0.55077903,0.276488203,0.629303658,0.208010149,2.308489796
0.654422346,0.46929809,0.090486084,0.536427554,0.088573128,1.929276641
0.023741505,0.858838232,0.987417363,0.106542919,0.336639359,0.29274826
0.587568678,0.311821461,0.587140097,0.793890639,0.311081409,1.712280409
0.082441906,0.505781323,0.136619699,0.565842378,0.58801303,0.665924362
0.956361325,0.712299485,0.553328512,0.653806769,0.484793512,2.288685531
0.3240467,0.126781221,0.217535254,0.100328738,0.909096141,0.639636209
0.976285749,0.458988511,0.16282903,0.615361371,0.073589027,2.325385349
0.373486735,0.487579504,0.968628793,0.626605858,0.221658777,1.063841016
0.254703138,0.482790789,0.105277212,0.938338548,0.565921296,1.623343081
0.457821807,0.555785372,0.500184924,0.424806162,0.214479775,1.541985075
0.497461597,0.99616759,0.958224752,0.985616896,0.701991301,2.223941369
0.215395188,0.809595964,0.875069988,0.799445293,0.652369034,0.954406569
0.438988459,0.627572639,0.514295609,0.291740868,0.542967105,1.268201
0.313233552,0.909115252,0.62374323,0.594735772,0.868144816,1.064078832
0.75605426,0.496818161,0.831655708,0.492637623,0.667964087,1.343092795
0.275174769,0.517593539,0.525219032,0.303113487,0.880272719,0.714129348
0.813790667,0.996066593,0.960234762,0.649193577,0.901911659,1.970421321
0.379899807,0.723185225,0.851035312,0.394278912,0.302170755,1.229490337
0.580127564,0.612121714,0.940417894,0.537718135,0.358011585,1.346197332
0.409236352,0.928158374,0.231321554,0.633906259,0.551646299,1.605822508
0.16075967,0.602968133,0.118339699,0.241019463,0.912931743,0.57070896
0.282445155,0.098091006,0.167051053,0.789495954,0.826689713,0.935070322
0.785493409,0.468456492,0.761727062,0.969875265,0.699273692,2.220342495
0.379323761,0.40551331,0.1393363,0.73158562,0.465943101,1.329929699
0.679680884,0.777938417,0.860594791,0.384497771,0.998970968,1.353619428
0.966829465,0.033832286,0.777586915,0.113349239,0.260888081,1.419011391
0.652621192,0.966776344,0.594345693,0.771269496,0.325843053,2.493182307
0.37771232,0.237941889,0.211925175,0.429659792,0.276902026,1.21146541
0.697077541,0.779612362,0.742532591,0.785335312,0.232678318,2.321893366
0.752609225,0.869916432,0.599609264,0.595010369,0.979897937,1.889046191
0.896103536,0.093115322,0.625583358,0.908613022,0.510102111,1.930764986
0.122994968,0.284556197,0.832773312,0.545426328,0.745631201,0.347810731
0.795401408,0.176044973,0.422925775,0.709534968,0.751336042,1.379545104
0.988843298,0.964281727,0.464997693,0.290236,0.179987485,2.991854411
0.15147104,0.365480225,0.376326796,0.698048414,0.710167742,0.762413671
0.159688126,0.764767417,0.217735722,0.649666076,0.151382006,1.306004406
0.959156109,0.206973232,0.580467462,0.717614324,0.826727039,1.462331299
0.19165576,0.229193692,0.83343872,0.715305927,0.696350093,0.593067772
0.59122781,0.693254773,0.715430342,0.603005263,0.379355545,1.704305484
0.025393244,0.47747176,0.719926989,0.254003108,0.607710776,0.368138158
0.060586008,0.350268714,0.584200191,0.894765631,0.97634967,0.850305742
0.400273063,0.040882834,0.423308565,0.745864582,0.395008015,1.245083665
0.482673529,0.065148378,0.827627252,0.842253882,0.190406443,1.505548785
0.471322299,0.522483734,0.522848412,0.90217205,0.299456187,2.035350304
0.483553627,0.998522037,0.870040516,0.683707426,0.713581546,1.525341936
0.846509063,0.605697208,0.432578849,0.543434965,0.453684456,1.977528901
0.001587584,0.946150348,0.259583786,0.830224818,0.563751445,0.885502114
0.501441668,0.541791681,0.459765266,0.754329474,0.99527072,1.288721165
0.146618741,0.855215597,0.133445819,0.798769187,0.101679874,1.567273325
0.737099749,0.230552306,0.668900949,0.338806635,0.648809661,1.181585883
0.179478748,0.366248266,0.079111736,0.785774422,0.506594755,1.089733566
0.158397446,0.305909866,0.391266532,0.174049462,0.44213715,0.787233317
0.103284654,0.360394612,0.306865152,0.056846017,0.564944628,0.631769497
0.277227204,0.288186321,0.487979739,0.248467034,0.047808299,1.290060982
0.002161507,0.087592613,0.66083548,0.996672788,0.252975458,1.644270901
0.983692676,0.369216894,0.246072343,0.173892597,0.177702219,2.026837187
0.412533547,0.550129137,0.702765923,0.005508714,0.848871801,0.885026284
0.339900694,0.743364196,0.511136483,0.119805569,0.860407861,0.970748063
0.329207133,0.022435397,0.416274276,0.084313854,0.590086683,0.785698145
0.395699797,0.954041415,0.309211646,0.290096404,0.675969551,1.409302521
0.364164715,0.002813104,0.616141062,0.968873724,0.356910941,1.797244105
0.283501468,0.854986831,0.812094837,0.467848615,0.785672163,0.814479498
0.430892554,0.541671115,0.986669736,0.494417561,0.787624016,0.652821685
0.270273365,0.200408978,0.014952568,0.395358989,0.89644431,0.621339113
0.201169696,0.148021973,0.049784207,0.210323114,0.296110734,0.944352934
0.684822486,0.161440126,0.13461561,0.196508857,0.013156882,1.730329799
0.163907139,0.796410229,0.187875147,0.233556452,0.89474832,0.648190581
0.729862007,0.916798006,0.138324927,0.838182804,0.008413022,3.072874752
0.356847333,0.078493234,0.495134292,0.957193886,0.657812416,1.574564758
0.522129846,0.111698663,0.714950821,0.529450318,0.524294133,0.990440807
0.252771309,0.732852267,0.313313346,0.369000704,0.056796111,1.465727198
0.484612305,0.235441888,0.897355703,0.50052184,0.283204246,1.038015923
0.544106665,0.877038077,0.214561487,0.305257407,0.501001665,1.783007226
0.70193593,0.182339997,0.51663796,0.362743627,0.410153385,1.357117772
0.167438702,0.06842796,0.992289586,0.451195362,0.644410808,0.18242875
0.477333618,0.132160591,0.364364872,0.73076414,0.068907826,1.655119157
0.1937198,0.853272754,0.624303071,0.207377863,0.212861837,1.167564784
0.847396476,0.13484084,0.495570265,0.014220277,0.669919766,1.242828951
0.101193911,0.760797666,0.485578111,0.131835115,0.925455856,0.4600864
0.652466982,0.798425379,0.910591867,0.63959042,0.140991517,1.991556638
0.544148323,0.264358336,0.910400067,0.549229076,0.10058189,1.299812411
0.4113772,0.807849918,0.373229605,0.766549106,0.757046151,1.512591569
0.456783168,0.345147176,0.174416119,0.050169338,0.214337288,1.411292075
0.385654839,0.148886619,0.436681873,0.435069348,0.064171306,1.369934364
0.040581764,0.341103635,0.742350215,0.573864282,0.611755416,0.425895071
0.084285172,0.761548059,0.061625157,0.791090388,0.000454275,1.489664113
0.220647893,0.648891622,0.46741346,0.38385028,0.426578942,1.00087827
0.142818088,0.840954617,0.765625636,0.198972683,0.351049559,0.826074824
0.15272419,0.873331938,0.333488723,0.32735976,0.036456955,1.325476146
0.834296414,0.418856811,0.036522582,0.703554031,0.29761492,2.009468425
0.674301623,0.298260915,0.188300562,0.069342735,0.368410339,1.488095152
0.974230606,0.660375543,0.798231219,0.450231892,0.614963291,1.87586637
0.516063684,0.871438301,0.536823743,0.423445631,0.494051467,1.694491799
0.436484231,0.596874513,0.57528045,0.900967262,0.100783997,2.206868352
0.869366629,0.103452479,0.56329425,0.615649267,0.429802307,1.480551175
0.414280528,0.215210083,0.484525626,0.034071629,0.810053053,0.802137771
0.401951899,0.406926995,0.069459756,0.052060008,0.917978318,0.862730759
0.782972417,0.655912707,0.35653752,0.157127583,0.751902999,1.714959352
0.136337897,0.606542891,0.165236182,0.695229876,0.31507584,1.106281204
0.42359862,0.462855572,0.832923225,0.699640982,0.44703977,1.170008836
0.565003787,0.149862234,0.941534053,0.345272017,0.417667687,0.864064058
0.084744552,0.47367695,0.002648104,0.519288026,0.941120954,0.437951419
0.812816883,0.058757779,0.701822533,0.632430894,0.554098694,1.24889153
0.816723103,0.058082213,0.392751748,0.903140448,0.484897984,1.91132965
0.821680336,0.936461119,0.003148212,0.002851731,0.539828524,2.375171156
0.527254312,0.209960563,0.42383289,0.977992739,0.695233686,1.897992857
0.061522805,0.410839362,0.49447771,0.324363504,0.732575848,0.441931321
